分区,小区名称,所在区域,房屋户型,建筑面积,套内面积,房屋朝向,装修情况,供暖方式,楼层高度,所在楼层,户型结构,建筑类型,建筑结构,梯户比例,配备电梯,挂牌时间,上次交易,房屋年限,抵押信息,交易权属,房屋用途,产权所属,房本备件,标题,总价,单价,地区,几室几厅,房屋面积,楼层,建立时间,户型,关注人数,发布日期,VR看装修,房本满五年,近地铁,房本满两年,随时看房,详情页
朝阳,官悦欣园A区,朝阳 百子湾 四至五环,2室1厅1厨1卫,102.28㎡,76.85㎡,南 北,精装,自供暖,"暂无数据
                                                        




实际层高需现场测量，具体数据以实际测量为准",底层 (共27层),平层,板楼,钢混结构,两梯四户,有,2024-11-24,2024-04-16,未满两年,无抵押,二类经济适用房,普通住宅,非共有,已上传房本照片,新上满五唯一，南北通透格局，两梯四户，明厨明卫,445万,"43,509元/平",官悦欣园A区 -百子湾,2室1厅,102.28平米,"('底层(共27层)',)",,板楼,45人关注,4个月以前发布,VR看装修,,,,随时看房,https://bj.lianjia.com/ershoufang/101127727961.html
大兴,保利首开熙悦春天,大兴 天宫院 六环外,4室1厅1厨2卫,96.81㎡,,南 北,简装,集中供暖,"暂无数据
                                                        




实际层高需现场测量，具体数据以实际测量为准",高楼层 (共27层),平层,板楼,钢混结构,两梯四户,有,2025-03-04,2017-02-25,满五年,无抵押,商品房,普通住宅,共有,已上传房本照片,熙悦春天四居室，户型方正，中高楼层，业主诚心售房,355万,"36,670元/平",保利首开熙悦春天 -天宫院,4室1厅,96.81平米,"('高楼层(共27层)',)",2016年,板楼,8人关注,1个月以前发布,VR房源,房本满五年,近地铁,,,https://bj.lianjia.com/ershoufang/101129203386.html
西城,白纸坊街25号院,西城 右安门内 二环内,2室1厅1厨1卫,60.28㎡,,东 西,简装,集中供暖,"暂无数据
                                                        




实际层高需现场测量，具体数据以实际测量为准",顶层 (共6层),平层,板楼,混合结构,,无,2025-02-09,2012-12-13,满五年,无抵押,商品房,普通住宅,非共有,已上传房本照片,西城二环内，1997年建成 正规两居室,449万,"74,486元/平",白纸坊街25号院 -右安门内,2室1厅,60.28平米,"('6层',)",1996年,板楼,7人关注,2个月以前发布,VR房源,房本满五年,,,随时看房,https://bj.lianjia.com/ershoufang/101128720739.html
石景山,七星园,石景山 鲁谷 四至五环,1室1厅1厨1卫,55.62㎡,,东 西,简装,集中供暖,"暂无数据
                                                        




实际层高需现场测量，具体数据以实际测量为准",中楼层 (共6层),平层,板楼,混合结构,,无,2025-02-07,2025-01-23,未满两年,无抵押,已购公房,普通住宅,非共有,已上传房本照片,七星园，中间楼层，户型方正，格局合理，看房随时,179万,"32,183元/平",七星园 -鲁谷,1室1厅,55.62平米,"('中楼层(共6层)',)",1996年,板楼,22人关注,2个月以前发布,VR看装修,,,,随时看房,https://bj.lianjia.com/ershoufang/101128647696.html
昌平,领秀慧谷D区,昌平 回龙观 五至六环,2室1厅1厨1卫,71.93㎡,60.42㎡,南,精装,自供暖,"暂无数据
                                                        




实际层高需现场测量，具体数据以实际测量为准",中楼层 (共11层),平层,板楼,钢混结构,一梯三户,有,2024-09-11,2017-04-01,满五年,有抵押 100万元,商品房,普通住宅,非共有,已上传房本照片,领秀慧谷D区，电梯房高楼层，车库直达，有储物间,450万,"62,561元/平",领秀慧谷D区 -回龙观,2室1厅,71.93平米,"('中楼层(共11层)',)",,板楼,23人关注,7个月以前发布,VR看装修,房本满五年,,,随时看房,https://bj.lianjia.com/ershoufang/101126538373.html
大兴,富强东里,大兴 黄村中 五至六环,2室1厅1厨1卫,56.43㎡,,南 北,简装,集中供暖,"暂无数据
                                                        




实际层高需现场测量，具体数据以实际测量为准",中楼层 (共6层),平层,板楼,混合结构,,无,2024-10-27,2001-12-31,满五年,无抵押,已购公房,普通住宅,非共有,已上传房本照片,富强东里 两居室 纯南向 看房方便,169万,"29,949元/平",富强东里 -黄村中,2室1厅,56.43平米,"('中楼层(共6层)',)",,板楼,23人关注,5个月以前发布,VR房源,房本满五年,近地铁,,随时看房,https://bj.lianjia.com/ershoufang/101127282035.html
朝阳,团结湖北五条,朝阳 团结湖 三至四环,2室1厅1厨1卫,83.15㎡,,西南,精装,集中供暖,"暂无数据
                                                        




实际层高需现场测量，具体数据以实际测量为准",中楼层 (共18层),平层,塔楼,钢混结构,两梯十户,有,2025-04-03,2002-01-08,满五年,无抵押,已购公房,普通住宅,非共有,已上传房本照片,团结湖北五条 1997年建成 独立管理 精装 电梯,590万,"70,957元/平",团结湖北五条 -团结湖,2室1厅,83.15平米,"('中楼层(共18层)',)",,塔楼,20人关注,24天以前发布,VR看装修,房本满五年,近地铁,,,https://bj.lianjia.com/ershoufang/101129864184.html
大兴,灵秀山庄,大兴 旧宫 四至五环,3室2厅1厨1卫,102.18㎡,92.4㎡,南 北,简装,集中供暖,"暂无数据
                                                        




实际层高需现场测量，具体数据以实际测量为准",中楼层 (共6层),平层,板楼,混合结构,,无,2025-01-04,2003-05-07,满五年,无抵押,商品房,普通住宅,非共有,已上传房本照片,灵秀山庄：优质3居室，户型方正，满五唯一，不临街,385万,"37,679元/平",灵秀山庄 -旧宫,3室2厅,102.18平米,"('中楼层(共6层)',)",,板楼,16人关注,3个月以前发布,VR房源,房本满五年,,,随时看房,https://bj.lianjia.com/ershoufang/101128356358.html
朝阳,双花园西里,朝阳 双井 二至三环,2室1厅1厨1卫,54.23㎡,,南 北,精装,集中供暖,"暂无数据
                                                        




实际层高需现场测量，具体数据以实际测量为准",中楼层 (共6层),平层,板楼,混合结构,,无,2025-01-31,2001-04-03,满五年,无抵押,已购公房,普通住宅,非共有,已上传房本照片,双花园西里装修3年中间楼层南北通透两居室,360万,"66,384元/平",双花园西里 -双井,2室1厅,54.23平米,"('6层',)",1989年,板楼,11人关注,2个月以前发布,VR看装修,房本满五年,,,随时看房,https://bj.lianjia.com/ershoufang/101128613426.html
通州,大方居,通州 九棵树(家乐福) 五至六环,2室1厅1厨1卫,88.77㎡,,南 北,简装,集中供暖,"暂无数据
                                                        




实际层高需现场测量，具体数据以实际测量为准",中楼层 (共22层),平层,板塔结合,钢混结构,两梯六户,有,2025-03-13,2023-12-19,未满两年,有抵押 126万元 招商银行 客户偿还,商品房,普通住宅,非共有,已上传房本照片,南北通透中间楼层，不临街，采光通风好，客厅双窗,259万,"29,177元/平",大方居 -九棵树(家乐福),2室1厅,88.77平米,"('中楼层(共22层)',)",2010年,板塔结合,14人关注,1个月以前发布,VR看装修,,,,,https://bj.lianjia.com/ershoufang/101129299922.html
朝阳,中海安德鲁斯庄园西区,朝阳 百子湾 四至五环,5室3厅1厨4卫,289.63㎡,,南 北,简装,自供暖,"暂无数据
                                                        




实际层高需现场测量，具体数据以实际测量为准",地下室 (共3层),复式,板楼,钢混结构,,无,2025-02-19,2013-02-06,满五年,无抵押,商品房,普通住宅,非共有,已上传房本照片,联排别墅 上三下一 私家车库 管家式服务,1340万,"46,266元/平",中海安德鲁斯庄园西区 -百子湾,5室3厅,289.63平米,"('3层',)",2006年,板楼,30人关注,2个月以前发布,VR房源,房本满五年,,,随时看房,https://bj.lianjia.com/ershoufang/101128942754.html
昌平,天通苑中苑,昌平 天通苑 五至六环,2室1厅1厨2卫,103.29㎡,93.03㎡,南 北,精装,集中供暖,"暂无数据
                                                        




实际层高需现场测量，具体数据以实际测量为准",中楼层 (共7层),平层,板楼,混合结构,,无,2024-09-26,2009-02-04,满五年,无抵押,一类经济适用房,普通住宅,非共有,已上传房本照片,天通中苑板楼两居室 南北通透 好户型,378万,"36,596元/平",天通苑中苑 -天通苑,2室1厅,103.29平米,"('中楼层(共7层)',)",,板楼,53人关注,6个月以前发布,VR看装修,房本满五年,,,随时看房,https://bj.lianjia.com/ershoufang/101126784059.html
朝阳,柏林郡,朝阳 小红门 四至五环,3室2厅1厨2卫,105.79㎡,,南 北,精装,集中供暖,"暂无数据
                                                        




实际层高需现场测量，具体数据以实际测量为准",中楼层 (共27层),平层,板楼,钢混结构,两梯四户,有,2024-08-22,2024-08-08,未满两年,有抵押,商品房,普通住宅,非共有,已上传房本照片,柏林郡 南北通透精装三居室 次新房,498万,"47,075元/平",柏林郡 -小红门,3室2厅,105.79平米,"('27层',)",,板楼,97人关注,8个月以前发布,VR看装修,,,,随时看房,https://bj.lianjia.com/ershoufang/101125919594.html
东城,新中西街,东城 朝阳门外 二至三环,2室1厅1厨1卫,58.54㎡,,南 北,精装,集中供暖,"暂无数据
                                                        




实际层高需现场测量，具体数据以实际测量为准",顶层 (共7层),平层,板楼,混合结构,,无,2025-02-27,2017-02-20,满五年,无抵押,商品房,普通住宅,共有,已上传房本照片,新中西街 2室1厅 南 北,451万,"77,042元/平",新中西街 -朝阳门外,2室1厅,58.54平米,"('顶层(共7层)',)",,板楼,16人关注,1个月以前发布,VR房源,房本满五年,近地铁,,,https://bj.lianjia.com/ershoufang/101129121425.html
昌平,京投发展公园悦府二区,昌平 回龙观 五至六环,2室2厅1厨1卫,86.29㎡,,东南,精装,集中供暖,"暂无数据
                                                        




实际层高需现场测量，具体数据以实际测量为准",高楼层 (共27层),平层,板楼,钢混结构,两梯四户,有,2024-11-30,2020-04-01,满五年,有抵押 183万元 北京银行 客户偿还,商品房,普通住宅,非共有,已上传房本照片,2020年次新房优质户型 得房率80%高层视野特棒,576万,"66,752元/平",京投发展公园悦府二区 -回龙观,2室2厅,86.29平米,"('27层',)",2019年,板楼,37人关注,4个月以前发布,VR看装修,房本满五年,近地铁,,,https://bj.lianjia.com/ershoufang/101127807385.html
朝阳,双龙南里,朝阳 华威桥 三至四环,1室1厅1厨1卫,48.98㎡,,东 西,毛坯,集中供暖,"暂无数据
                                                        




实际层高需现场测量，具体数据以实际测量为准",底层 (共6层),平层,板楼,混合结构,,无,2024-12-04,2016-10-24,满五年,无抵押,已购公房,普通住宅,非共有,已上传房本照片,双龙南里+板楼一层+东西通透+户型方正+随时签约,188万,"38,384元/平",双龙南里 -华威桥,1室1厅,48.98平米,"('底层(共6层)',)",,板楼,24人关注,4个月以前发布,VR房源,房本满五年,近地铁,,随时看房,https://bj.lianjia.com/ershoufang/101127886417.html
北京经济技术开发区,东晶国际,北京经济技术开发区 亦庄 五至六环,2室1厅1厨2卫,123㎡,,西,精装,集中供暖,"暂无数据
                                                        




实际层高需现场测量，具体数据以实际测量为准",高楼层 (共17层),复式,板塔结合,钢混结构,一梯三户,有,2024-11-10,2019-07-10,满五年,有抵押 360万元 农行 金融公司垫资,商品房,普通住宅,非共有,已上传房本照片,东晶国际，两居室，上下两层，70年住宅，看房方便,439万,"35,692元/平",东晶国际 -亦庄,2室1厅,123平米,"('17层',)",,板塔结合,31人关注,5个月以前发布,VR房源,房本满五年,近地铁,,随时看房,https://bj.lianjia.com/ershoufang/101127525890.html
东城,青年湖北街,东城 安定门 二至三环,3室1厅1厨1卫,81.61㎡,,东 南 北,精装,集中供暖,"暂无数据
                                                        




实际层高需现场测量，具体数据以实际测量为准",高楼层 (共18层),,塔楼,混合结构,两梯八户,有,2025-03-30,2023-05-10,未满两年,无抵押,商品房,普通住宅,非共有,已上传房本照片,安定门 和平里公园边上3居室带正规客厅 户型管理好,960万,"117,633元/平",青年湖北街 -安定门,3室1厅,81.61平米,"('高楼层(共18层)',)",,塔楼,9人关注,28天以前发布,VR看装修,,近地铁,,随时看房,https://bj.lianjia.com/ershoufang/101129777841.html
朝阳,团结湖北二条,朝阳 团结湖 三至四环,3室1厅1厨1卫,64.05㎡,,西北,精装,集中供暖,"暂无数据
                                                        




实际层高需现场测量，具体数据以实际测量为准",中楼层 (共12层),平层,塔楼,钢混结构,一梯八户,有,2025-02-07,2023-06-09,未满两年,无抵押,已购公房,普通住宅,非共有,已上传房本照片,东三环团结湖 小3居 电梯房 满五年 钢混 临地铁,358万,"55,894元/平",团结湖北二条 -团结湖,3室1厅,64.05平米,"('中楼层(共12层)',)",1982年,塔楼,52人关注,2个月以前发布,VR房源,,,,,https://bj.lianjia.com/ershoufang/101128685129.html
丰台,大成时代中心,丰台 岳各庄 四至五环,1室1厅1厨1卫,80.17㎡,59.13㎡,西,精装,集中供暖,"暂无数据
                                                        




实际层高需现场测量，具体数据以实际测量为准",高楼层 (共27层),平层,塔楼,钢混结构,四梯十八户,有,2025-03-09,2020-02-24,满五年,无抵押,商品房,酒店式公寓,非共有,已上传房本照片,西四环 2010年商品房 带电梯 满五唯一 单价低,290万,"36,174元/平",大成时代中心 -岳各庄,1室1厅,80.17平米,"('高楼层(共27层)',)",,塔楼,4人关注,1个月以前发布,VR房源,房本满五年,,,,https://bj.lianjia.com/ershoufang/101129190730.html
大兴,理想家园,大兴 西红门 四至五环,2室1厅1厨1卫,73.76㎡,59.05㎡,东南,精装,自供暖,"暂无数据
                                                        




实际层高需现场测量，具体数据以实际测量为准",中楼层 (共25层),平层,塔楼,钢混结构,三梯十二户,有,2025-03-20,2014-06-18,满五年,无抵押,一类经济适用房,普通住宅,非共有,已上传房本照片,宏业路2号院，理想家园电梯房两居室,245万,"33,216元/平",理想家园 -西红门,2室1厅,73.76平米,"('25层',)",2013年,塔楼,3人关注,1个月以前发布,VR看装修,房本满五年,,,随时看房,https://bj.lianjia.com/ershoufang/101129568282.html
通州,华业东方玫瑰A区,通州 临河里 五至六环,1室1厅1厨1卫,68.03㎡,,东,精装,集中供暖,"暂无数据
                                                        




实际层高需现场测量，具体数据以实际测量为准",中楼层 (共23层),平层,板塔结合,钢混结构,两梯五户,有,2025-03-16,2016-05-03,满五年,无抵押,商品房,普通住宅,共有,已上传房本照片,华业东方玫瑰A区  东向一居  中间楼层   诚售,258万,"37,925元/平",华业东方玫瑰A区 -临河里,1室1厅,68.03平米,"('中楼层(共23层)',)",,板塔结合,5人关注,1个月以前发布,VR看装修,房本满五年,近地铁,,随时看房,https://bj.lianjia.com/ershoufang/101129327832.html
房山,嘉瑞通小区,房山 良乡 五至六环,2室1厅1厨1卫,92.55㎡,,西南,精装,集中供暖,"暂无数据
                                                        




实际层高需现场测量，具体数据以实际测量为准",中楼层 (共15层),平层,塔楼,钢混结构,两梯十户,有,2024-02-23,2022-10-26,满两年,无抵押,商品房,普通住宅,非共有,已上传房本照片,房山区良乡嘉瑞通小区房山线旁两居,178万,"19,233元/平",嘉瑞通小区 -良乡,2室1厅,92.55平米,"('中楼层(共15层)',)",2006年,塔楼,20人关注,一年前发布,VR看装修,,近地铁,房本满两年,随时看房,https://bj.lianjia.com/ershoufang/101122997962.html
朝阳,东恒时代一期,朝阳 四惠 四至五环,2室1厅1厨1卫,98.01㎡,79.6㎡,西北,简装,集中供暖,"暂无数据
                                                        




实际层高需现场测量，具体数据以实际测量为准",中楼层 (共32层),平层,塔楼,钢混结构,三梯十一户,有,2025-02-17,2005-10-18,满五年,无抵押,商品房,普通住宅,非共有,已上传房本照片,东恒时代一期。高楼层两居室，视野好,628万,"64,076元/平",东恒时代一期 -四惠,2室1厅,98.01平米,"('中楼层(共32层)',)",,塔楼,14人关注,2个月以前发布,VR房源,房本满五年,近地铁,,随时看房,https://bj.lianjia.com/ershoufang/101127784057.html
东城,东环居苑,东城 广渠门 二至三环,2室2厅1厨1卫,101.79㎡,82.5㎡,西南,精装,集中供暖,"暂无数据
                                                        




实际层高需现场测量，具体数据以实际测量为准",高楼层 (共18层),平层,塔楼,钢混结构,两梯九户,有,2025-03-07,2012-10-23,满五年,无抵押,商品房,普通住宅,非共有,已上传房本照片,东环居苑 2室2厅 西南,790万,"77,611元/平",东环居苑 -广渠门,2室2厅,101.79平米,"('高楼层(共18层)',)",2004年,塔楼,12人关注,1个月以前发布,VR看装修,房本满五年,,,,https://bj.lianjia.com/ershoufang/101129032362.html
西城,新安北里,西城 白纸坊 二环内,3室1厅1厨1卫,59.18㎡,,南 西 北,毛坯,集中供暖,"暂无数据
                                                        




实际层高需现场测量，具体数据以实际测量为准",高楼层 (共6层),平层,板楼,混合结构,,无,2025-04-03,2000-09-20,满五年,无抵押,央产房,普通住宅,非共有,已上传房本照片,此房满五年，印钞厂宿舍，小区管理好，正规三居无遮,540万,"91,248元/平",新安北里 -白纸坊,3室1厅,59.18平米,"('高楼层(共6层)',)",,板楼,9人关注,24天以前发布,VR看装修,房本满五年,,,随时看房,https://bj.lianjia.com/ershoufang/101129796911.html
大兴,金地仰山东区,大兴 高米店 五至六环,3室2厅1厨2卫,136.46㎡,117.35㎡,南 北,简装,集中供暖,"暂无数据
                                                        




实际层高需现场测量，具体数据以实际测量为准",底层 (共9层),复式,板楼,钢混结构,一梯两户,有,2024-09-21,2014-07-03,满五年,无抵押,商品房,普通住宅,非共有,已上传房本照片,金地仰山东区 一层3居洋房 带南北院 带地下室,778万,"57,014元/平",金地仰山东区 -高米店,3室2厅,136.46平米,"('底层(共9层)',)",2013年,板楼,30人关注,7个月以前发布,VR房源,房本满五年,,,随时看房,https://bj.lianjia.com/ershoufang/101126655870.html
房山,高家坡社区,房山 燕山 六环外,2室1厅1厨1卫,59.38㎡,,南 北,其他,集中供暖,"暂无数据
                                                        




实际层高需现场测量，具体数据以实际测量为准",低楼层 (共6层),平层,板楼,混合结构,,,2024-07-07,2003-12-03,满五年,无抵押,商品房,普通住宅,非共有,已上传房本照片,高家坡社区 低楼层 南北通透,55万,"9,263元/平",高家坡社区 -燕山,2室1厅,59.38平米,"('低楼层(共6层)',)",,板楼,22人关注,9个月以前发布,VR看装修,房本满五年,,,随时看房,https://bj.lianjia.com/ershoufang/101125257942.html
通州,时尚街区西区,通州 梨园 五至六环,2室1厅1厨1卫,78.23㎡,63.19㎡,西南,简装,集中供暖,"暂无数据
                                                        




实际层高需现场测量，具体数据以实际测量为准",中楼层 (共20层),平层,板楼,钢混结构,两梯十二户,有,2025-04-12,2019-12-19,满五年,有抵押,商品房,普通住宅,非共有,已上传房本照片,大区推荐  急急急满五唯一近地铁随时看,225万,"28,762元/平",时尚街区西区 -梨园,2室1厅,78.23平米,"('中楼层(共20层)',)",2003年,板楼,8人关注,15天以前发布,VR看装修,房本满五年,近地铁,,随时看房,https://bj.lianjia.com/ershoufang/101130017846.html
房山,恒大滨河左岸北区,房山 良乡,2室1厅1厨1卫,84.02㎡,,南,精装,集中供暖,"暂无数据
                                                        




实际层高需现场测量，具体数据以实际测量为准",中楼层 (共15层),平层,板塔结合,钢混结构,两梯六户,有,2025-03-05,2019-09-24,满五年,有抵押,自住型商品房,普通住宅,非共有,已上传房本照片,恒大滨河左岸北区 精装修 只有契税 次新房 近地铁,179万,"21,305元/平",恒大滨河左岸北区 -良乡,2室1厅,84.02平米,"('中楼层(共15层)',)",2018年,板塔结合,6人关注,1个月以前发布,VR看装修,房本满五年,近地铁,,随时看房,https://bj.lianjia.com/ershoufang/101129196715.html
通州,北人家园,通州 万达 五至六环,2室1厅1厨1卫,81.98㎡,,南,毛坯,集中供暖,"暂无数据
                                                        




实际层高需现场测量，具体数据以实际测量为准",底层 (共27层),平层,塔楼,钢混结构,两梯五户,有,2025-01-19,2016-10-25,满五年,无抵押,二类经济适用房,普通住宅,共有,已上传房本照片,北人家园 2018年社区 满五年 业主诚心出售,265万,"32,325元/平",北人家园 -万达,2室1厅,81.98平米,"('底层(共27层)',)",2018年,塔楼,27人关注,3个月以前发布,VR房源,房本满五年,,,随时看房,https://bj.lianjia.com/ershoufang/101128170543.html
西城,德胜门外大街1号院,西城 马甸 二至三环,3室1厅1厨1卫,69.86㎡,,南 北,精装,集中供暖,"暂无数据
                                                        




实际层高需现场测量，具体数据以实际测量为准",高楼层 (共6层),平层,板楼,混合结构,,无,2025-03-04,2011-11-16,满五年,无抵押,商品房,普通住宅,非共有,已上传房本照片,马甸桥南北通透三居室 中间楼层 可停车 诚心出售,930万,"133,124元/平",德胜门外大街1号院 -马甸,3室1厅,69.86平米,"('高楼层(共6层)',)",,板楼,10人关注,1个月以前发布,VR看装修,房本满五年,近地铁,,随时看房,https://bj.lianjia.com/ershoufang/101129218810.html
北京经济技术开发区,郁金香舍,北京经济技术开发区 亦庄 五至六环,3室2厅1厨2卫,149.48㎡,,南 北,精装,集中供暖,"暂无数据
                                                        




实际层高需现场测量，具体数据以实际测量为准",低楼层 (共9层),错层,板楼,钢混结构,一梯两户,有,2024-11-19,2008-12-29,满五年,无抵押,商品房,普通住宅,非共有,已上传房本照片,有车位，带电梯，边户，三居，明厨明卫，视野开阔,730万,"48,836元/平",郁金香舍 -亦庄,3室2厅,149.48平米,"('9层',)",,板楼,34人关注,5个月以前发布,VR房源,房本满五年,,,随时看房,https://bj.lianjia.com/ershoufang/101127229498.html
西城,教子胡同,西城 牛街 二环内,2室1厅1厨1卫,57.89㎡,,南 北,简装,集中供暖,"暂无数据
                                                        




实际层高需现场测量，具体数据以实际测量为准",顶层 (共5层),平层,板楼,混合结构,,无,2025-03-12,2007-01-12,满五年,无抵押,商品房,普通住宅,非共有,已上传房本照片,教子胡同，南北通透两居室，采光好,430万,"74,279元/平",教子胡同 -牛街,2室1厅,57.89平米,"('顶层(共5层)',)",,板楼,7人关注,1个月以前发布,VR房源,房本满五年,近地铁,,,https://bj.lianjia.com/ershoufang/101129415123.html
朝阳,御翠尚府,朝阳 朝青 四至五环,3室2厅1厨2卫,139.66㎡,120.28㎡,南 北,精装,自供暖,"暂无数据
                                                        




实际层高需现场测量，具体数据以实际测量为准",中楼层 (共9层),平层,板楼,钢混结构,一梯三户,有,2025-02-24,2024-02-02,未满两年,无抵押,商品房,普通住宅,非共有,已上传房本照片,龙发装饰58万装修 不临街观水系 位置安静采光好,1180万,"84,491元/平",御翠尚府 -朝青,3室2厅,139.66平米,"('9层',)",2013年,板楼,15人关注,2个月以前发布,VR房源,,,,随时看房,https://bj.lianjia.com/ershoufang/101128763613.html
朝阳,金茂公寓,朝阳 CBD 二至三环,3室2厅1厨2卫,166.93㎡,,南 北,简装,集中供暖,"暂无数据
                                                        




实际层高需现场测量，具体数据以实际测量为准",低楼层 (共7层),平层,板楼,钢混结构,一梯两户,有,2025-04-03,2011-10-14,满五年,无抵押,商品房,普通住宅,非共有,已上传房本照片,金茂公寓 东三环内电梯小高层，纯板楼,998万,"59,786元/平",金茂公寓 -CBD,3室2厅,166.93平米,"('低楼层(共7层)',)",,板楼,17人关注,24天以前发布,VR房源,房本满五年,近地铁,,随时看房,https://bj.lianjia.com/ershoufang/101129831024.html
顺义,清岚花园汉民区,顺义 后沙峪 五至六环,2室1厅1厨1卫,73.22㎡,64.44㎡,南 北,精装,集中供暖,"暂无数据
                                                        




实际层高需现场测量，具体数据以实际测量为准",顶层 (共6层),平层,板楼,混合结构,,,2025-04-12,2016-08-16,满五年,无抵押,商品房,普通住宅,非共有,已上传房本照片,清岚花园汉民区满五唯一好价格，看房方便,178万,"24,311元/平",清岚花园汉民区 -后沙峪,2室1厅,73.22平米,"('顶层(共6层)',)",2012年,板楼,7人关注,15天以前发布,VR看装修,房本满五年,,,,https://bj.lianjia.com/ershoufang/101130030807.html
丰台,亚林西居住区9号院,丰台 右安门外 二至三环,2室1厅1厨1卫,57.6㎡,,南 北,简装,集中供暖,"暂无数据
                                                        




实际层高需现场测量，具体数据以实际测量为准",中楼层 (共26层),平层,板楼,钢混结构,两梯五户,有,2024-08-13,2021-12-02,满两年,无抵押,二类经济适用房,普通住宅,非共有,已上传房本照片,朝南无遮挡，视野好。2018年新小区，高楼层，,328万,"56,945元/平",亚林西居住区9号院 -右安门外,2室1厅,57.6平米,"('中楼层(共26层)',)",2018年,板楼,109人关注,8个月以前发布,VR看装修,,近地铁,房本满两年,,https://bj.lianjia.com/ershoufang/101126002469.html
东城,永康胡同1号院,东城 安定门 二环内,1室1厅1厨1卫,46.48㎡,,西 东,精装,集中供暖,"暂无数据
                                                        




实际层高需现场测量，具体数据以实际测量为准",中楼层 (共7层),平层,板楼,混合结构,,无,2025-03-06,2023-08-23,未满两年,有抵押,商品房,普通住宅,非共有,已上传房本照片,安交，方家，中间楼层，精装修可拎包入住,596.5万,"128,335元/平",永康胡同1号院 -安定门,1室1厅,46.48平米,"('中楼层(共7层)',)",2002年,板楼,5人关注,1个月以前发布,VR看装修,,近地铁,,随时看房,https://bj.lianjia.com/ershoufang/101129175424.html
房山,铭品嘉苑,房山 长阳 五至六环,1室1厅1厨1卫,70.8㎡,,南,精装,集中供暖,"暂无数据
                                                        




实际层高需现场测量，具体数据以实际测量为准",中楼层 (共15层),平层,板塔结合,钢混结构,两梯十二户,有,2025-03-13,2018-11-26,满五年,无抵押,限价商品房,普通住宅,非共有,已上传房本照片,铭品嘉苑，精装修，南向一居室，看房方便有钥匙,140万,"19,775元/平",铭品嘉苑 -长阳,1室1厅,70.8平米,"('中楼层(共15层)',)",2016年,板塔结合,6人关注,1个月以前发布,VR房源,房本满五年,,,随时看房,https://bj.lianjia.com/ershoufang/101129439664.html
东城,管村26号院,东城 永定门 二至三环,2室1厅1厨1卫,69.03㎡,,南 北,精装,集中供暖,"暂无数据
                                                        




实际层高需现场测量，具体数据以实际测量为准",中楼层 (共6层),平层,板楼,混合结构,,无,2024-12-28,2024-10-09,未满两年,无抵押,已购公房,普通住宅,非共有,已上传房本照片,东城区中间楼层南北通透没有遮挡,438万,"63,451元/平",管村26号院 -永定门,2室1厅,69.03平米,"('中楼层(共6层)',)",,板楼,49人关注,3个月以前发布,VR看装修,,近地铁,,,https://bj.lianjia.com/ershoufang/101128258895.html
西城,六铺炕三区,西城 六铺炕 二至三环,1室1厅1厨1卫,43.7㎡,,南 北,精装,集中供暖,"暂无数据
                                                        




实际层高需现场测量，具体数据以实际测量为准",顶层 (共6层),平层,板楼,砖混结构,,无,2024-10-13,2016-08-18,满五年,无抵押,商品房,普通住宅,非共有,已上传房本照片,煤炭社区一居 有钥匙看房方便 业主诚心出售 南向,665万,"152,174元/平",六铺炕三区 -六铺炕,1室1厅,43.7平米,"('顶层(共6层)',)",,板楼,11人关注,6个月以前发布,VR看装修,房本满五年,,,随时看房,https://bj.lianjia.com/ershoufang/101127036225.html
房山,蓝光海悦城,房山 良乡 五至六环,2室1厅1厨1卫,69.23㎡,,南,简装,集中供暖,"暂无数据
                                                        




实际层高需现场测量，具体数据以实际测量为准",低楼层 (共10层),平层,板塔结合,钢混结构,一梯四户,有,2024-12-27,2018-11-16,满五年,无抵押,商品房,普通住宅,非共有,已上传房本照片,"海悦城,满五唯一南向两居室，精装户型方正",199万,"28,745元/平",蓝光海悦城 -良乡,2室1厅,69.23平米,"('低楼层(共10层)',)",,板塔结合,6人关注,3个月以前发布,VR房源,房本满五年,近地铁,,随时看房,https://bj.lianjia.com/ershoufang/101128192997.html
朝阳,安翔里小区,朝阳 健翔桥 四至五环,2室1厅1厨1卫,74.55㎡,,南 北,简装,集中供暖,"暂无数据
                                                        




实际层高需现场测量，具体数据以实际测量为准",低楼层 (共6层),平层,板楼,混合结构,,无,2025-03-03,1999-10-18,满五年,无抵押,央产房,普通住宅,非共有,已上传房本照片,【安翔里社区一口价】满五年唯一，低楼层，大客厅,440万,"59,021元/平",安翔里小区 -健翔桥,2室1厅,74.55平米,"('低楼层(共6层)',)",,板楼,13人关注,1个月以前发布,VR看装修,房本满五年,,,,https://bj.lianjia.com/ershoufang/101129142368.html
西城,信德园,西城 菜户营 二至三环,2室1厅1厨1卫,107.86㎡,89.19㎡,南 西南 西,精装,自供暖,"暂无数据
                                                        




实际层高需现场测量，具体数据以实际测量为准",高楼层 (共23层),平层,塔楼,钢混结构,两梯八户,有,2025-02-25,2024-09-23,未满两年,有抵押 230万元 客户偿还,商品房,普通住宅,非共有,已上传房本照片,西城二环商品房社区落地窗两居室少见户型看房随时,748万,"69,350元/平",信德园 -菜户营,2室1厅,107.86平米,"('高楼层(共23层)',)",2002年,塔楼,40人关注,1个月以前发布,VR看装修,,,,随时看房,https://bj.lianjia.com/ershoufang/101129024517.html
房山,绿城百合公寓南区,房山 阎村 六环外,3室2厅1厨2卫,112.1㎡,,南 北,简装,自供暖,"暂无数据
                                                        




实际层高需现场测量，具体数据以实际测量为准",低楼层 (共7层),平层,板楼,混合结构,,无,2025-02-06,2006-03-21,满五年,无抵押,商品房,普通住宅,非共有,已上传房本照片,绿城百合公寓南区满五年唯一住房。双南卧室南客厅,248万,"22,124元/平",绿城百合公寓南区 -阎村,3室2厅,112.1平米,"('低楼层(共7层)',)",2005年,板楼,13人关注,2个月以前发布,VR看装修,房本满五年,,,随时看房,https://bj.lianjia.com/ershoufang/101128607109.html
西城,贵都国际,西城 天宁寺 二至三环,3室1厅0厨0卫,130.5㎡,104.87㎡,东,简装,自供暖,"暂无数据
                                                        




实际层高需现场测量，具体数据以实际测量为准",顶层 (共20层),平层,塔楼,钢混结构,四梯七户,有,2025-04-08,2009-04-04,满五年,无抵押,商品房,普通住宅,非共有,已上传房本照片,贵都国际 3室1厅 东,538万,"41,227元/平",贵都国际 -天宁寺,3室1厅,130.5平米,"('顶层(共20层)',)",2007年,塔楼,1人关注,19天以前发布,VR看装修,房本满五年,,,,https://bj.lianjia.com/ershoufang/101129806362.html
朝阳,优士阁,朝阳 劲松 二至三环,2室1厅1厨1卫,97.18㎡,78.2㎡,西 西北,简装,集中供暖,"暂无数据
                                                        




实际层高需现场测量，具体数据以实际测量为准",高楼层 (共30层),平层,塔楼,钢混结构,三梯十二户,有,2024-12-06,2010-06-01,满五年,有抵押 200万元,商品房,普通住宅,非共有,已上传房本照片,优士阁04年商品房，满五唯一，,320万,"32,929元/平",优士阁 -劲松,2室1厅,97.18平米,"('高楼层(共30层)',)",2004年,塔楼,8人关注,4个月以前发布,VR看装修,房本满五年,,,,https://bj.lianjia.com/ershoufang/101127923058.html
昌平,天通苑北二区,昌平 天通苑 五至六环,2室2厅1厨2卫,124.23㎡,,南 北,简装,集中供暖,"暂无数据
                                                        




实际层高需现场测量，具体数据以实际测量为准",中楼层 (共13层),平层,板楼,钢混结构,一梯两户,有,2025-02-26,2006-09-07,满五年,无抵押,一类经济适用房,普通住宅,非共有,已上传房本照片,天通苑北二区 2室2厅 南 北,473万,"38,075元/平",天通苑北二区 -天通苑,2室2厅,124.23平米,"('中楼层(共13层)',)",2005年,板楼,9人关注,1个月以前发布,VR看装修,房本满五年,,,随时看房,https://bj.lianjia.com/ershoufang/101126987860.html
朝阳,潘家园东里,朝阳 潘家园 二至三环,2室1厅1厨1卫,57.63㎡,,北 南,简装,集中供暖,"暂无数据
                                                        




实际层高需现场测量，具体数据以实际测量为准",中楼层 (共6层),平层,板楼,混合结构,,无,2025-03-10,1999-06-15,满五年,无抵押,已购公房,普通住宅,非共有,已上传房本照片,潘家园东里 中间楼层南北通透两居室,308万,"53,445元/平",潘家园东里 -潘家园,2室1厅,57.63平米,"('中楼层(共6层)',)",,板楼,8人关注,1个月以前发布,VR看装修,房本满五年,近地铁,,,https://bj.lianjia.com/ershoufang/101129034618.html
朝阳,农光里,朝阳 劲松 三至四环,2室1厅1厨1卫,103.1㎡,,南 西,简装,自供暖,"暂无数据
                                                        




实际层高需现场测量，具体数据以实际测量为准",高楼层 (共22层),平层,塔楼,钢混结构,两梯八户,有,2024-05-29,2010-02-10,满五年,无抵押,商品房,普通住宅,共有,已上传房本照片,农光里渤海家园 单独院落管理 满五年唯一 随时可看,585万,"56,742元/平",农光里 -劲松,2室1厅,103.1平米,"('高楼层(共22层)',)",,塔楼,84人关注,10个月以前发布,VR房源,房本满五年,近地铁,,随时看房,https://bj.lianjia.com/ershoufang/101124471891.html
丰台,正邦嘉园二期,丰台 刘家窑 三至四环,2室1厅1厨1卫,90.05㎡,,西北,精装,集中供暖,"暂无数据
                                                        




实际层高需现场测量，具体数据以实际测量为准",顶层 (共24层),平层,塔楼,钢混结构,三梯十四户,有,2024-09-20,2021-01-07,满两年,无抵押,二类经济适用房,普通住宅,非共有,已上传房本照片,满五唯一商品房价格，精装修，看房随时,359万,"39,867元/平",正邦嘉园二期 -刘家窑,2室1厅,90.05平米,"('顶层(共24层)',)",2006年,塔楼,11人关注,7个月以前发布,VR看装修,,,房本满两年,,https://bj.lianjia.com/ershoufang/101126539574.html
丰台,玉璞家园,丰台 丽泽 三至四环,2室1厅1厨1卫,64.33㎡,49.91㎡,南 北,精装,集中供暖,"暂无数据
                                                        




实际层高需现场测量，具体数据以实际测量为准",中楼层 (共22层),平层,板楼,钢混结构,三梯十四户,有,2025-04-05,2023-07-06,未满两年,有抵押 100万元 建行 业主自还,商品房,普通住宅,非共有,已上传房本照片,2016年社区  玉璞家园 南北通透 精装修两居,365万,"56,739元/平",玉璞家园 -丽泽,2室1厅,64.33平米,"('中楼层(共22层)',)",2016年,板楼,9人关注,22天以前发布,VR看装修,,近地铁,,随时看房,https://bj.lianjia.com/ershoufang/101129889442.html
大兴,清源东里,大兴 枣园 五至六环,2室1厅1厨1卫,59.6㎡,,南 北,简装,集中供暖,"暂无数据
                                                        




实际层高需现场测量，具体数据以实际测量为准",高楼层 (共6层),平层,板楼,混合结构,,无,2025-02-24,2009-05-19,满五年,无抵押,已购公房,普通住宅,非共有,已上传房本照片,满五年的商品房，南北通透，明厨明卫，采光好,157万,"26,343元/平",清源东里 -枣园,2室1厅,59.6平米,"('高楼层(共6层)',)",,板楼,13人关注,2个月以前发布,VR房源,房本满五年,,,,https://bj.lianjia.com/ershoufang/101129053833.html
海淀,恩济里小区,海淀 定慧寺 三至四环,1室1厅1厨1卫,44.22㎡,,西 南 北,精装,集中供暖,"暂无数据
                                                        




实际层高需现场测量，具体数据以实际测量为准",中楼层 (共4层),平层,板楼,混合结构,,无,2024-10-31,2018-10-26,满五年,无抵押,商品房,普通住宅,共有,已上传房本照片,恩济里小区 全明户型 3层 中间位置 安静 采光好,339万,"76,663元/平",恩济里小区 -定慧寺,1室1厅,44.22平米,"('中楼层(共4层)',)",1991年,板楼,34人关注,5个月以前发布,VR看装修,房本满五年,近地铁,,随时看房,https://bj.lianjia.com/ershoufang/101127364302.html
朝阳,翠成馨园A区,朝阳 垡头 四至五环,3室2厅1厨1卫,120.64㎡,96.78㎡,南 北,简装,集中供暖,"暂无数据
                                                        




实际层高需现场测量，具体数据以实际测量为准",高楼层 (共14层),平层,板楼,钢混结构,两梯九户,有,2025-02-16,2010-04-27,满五年,无抵押,一类经济适用房,普通住宅,非共有,已上传房本照片,翠成馨园A区，满五唯一，电梯三居室，南北通透。,499万,"41,363元/平",翠成馨园A区 -垡头,3室2厅,120.64平米,"('高楼层(共14层)',)",2007年,板楼,23人关注,2个月以前发布,VR看装修,房本满五年,近地铁,,随时看房,https://bj.lianjia.com/ershoufang/101128860729.html
东城,望坛新苑,东城 永定门 二至三环,2室1厅1厨1卫,81.48㎡,,南,精装,集中供暖,"暂无数据
                                                        




实际层高需现场测量，具体数据以实际测量为准",低楼层 (共12层),平层,板楼,钢混结构,一梯五户,有,2024-11-10,2023-04-20,满两年,有抵押 150万元 业主自还,商品房,普通住宅,非共有,已上传房本照片,望坛新苑 朝南两居 原票735万 精装修有车位,708万,"86,893元/平",望坛新苑 -永定门,2室1厅,81.48平米,"('12层',)",,板楼,46人关注,5个月以前发布,VR看装修,,近地铁,房本满两年,随时看房,https://bj.lianjia.com/ershoufang/101127529170.html
通州,富力惠兰美居,通州 潞苑 五至六环,1室1厅1厨1卫,49.69㎡,,东,简装,集中供暖,"暂无数据
                                                        




实际层高需现场测量，具体数据以实际测量为准",中楼层 (共28层),平层,板塔结合,钢混结构,三梯十户,有,2024-09-30,2024-07-04,未满两年,无抵押,商品房,普通住宅,非共有,已上传房本照片,富力惠兰美居 1室1厅 东,140万,"28,175元/平",富力惠兰美居 -潞苑,1室1厅,49.69平米,"('中楼层(共28层)',)",2015年,板塔结合,8人关注,6个月以前发布,VR看装修,,,,随时看房,https://bj.lianjia.com/ershoufang/101126870259.html
昌平,天通苑北一区,昌平 天通苑 五至六环,3室2厅1厨2卫,140.3㎡,122.56㎡,南 北,简装,集中供暖,"暂无数据
                                                        




实际层高需现场测量，具体数据以实际测量为准",低楼层 (共7层),平层,板楼,混合结构,一梯两户,有,2025-03-05,2012-02-15,满五年,有抵押 80万元 公积金 业主自还,商品房,普通住宅,共有,已上传房本照片,天通苑北一区商品房南北通透三居室,545万,"38,846元/平",天通苑北一区 -天通苑,3室2厅,140.3平米,"('低楼层(共7层)',)",,板楼,18人关注,1个月以前发布,VR看装修,房本满五年,近地铁,,随时看房,https://bj.lianjia.com/ershoufang/101129241805.html
西城,远雄大观,西城 右安门内 二环内,1室1厅1厨1卫,63.71㎡,,西,精装,自供暖,"暂无数据
                                                        




实际层高需现场测量，具体数据以实际测量为准",低楼层 (共6层),平层,板塔结合,钢混结构,一梯四户,有,2025-02-22,2016-04-14,满五年,有抵押 60万元 公积金,商品房,普通住宅,非共有,已上传房本照片,远雄大观，满五年唯一商品房，板楼有电梯，价格能商量,620万,"97,316元/平",远雄大观 -右安门内,1室1厅,63.71平米,"('低楼层(共6层)',)",2009年,板塔结合,11人关注,2个月以前发布,VR看装修,房本满五年,,,,https://bj.lianjia.com/ershoufang/101126532678.html
朝阳,花园闸小区,朝阳 定福庄 五至六环,2室1厅1厨1卫,56.99㎡,,南 北,简装,集中供暖,"暂无数据
                                                        




实际层高需现场测量，具体数据以实际测量为准",中楼层 (共6层),平层,板楼,混合结构,,无,2025-03-29,2020-05-28,满两年,有抵押 79万元 中国平安银行 业主自还,商品房,普通住宅,非共有,已上传房本照片,花园闸小区 南北朝向两居 中间楼层 地铁860米,199万,"34,919元/平",花园闸小区 -定福庄,2室1厅,56.99平米,"('中楼层(共6层)',)",1990年,板楼,21人关注,29天以前发布,VR房源,,,房本满两年,,https://bj.lianjia.com/ershoufang/101129762123.html
通州,月亮城堡,通州 武夷花园 五至六环,1室1厅1厨1卫,102.21㎡,78.6㎡,南 北,简装,集中供暖,"暂无数据
                                                        




实际层高需现场测量，具体数据以实际测量为准",中楼层 (共11层),平层,板楼,钢混结构,两梯八户,有,2025-02-24,2012-06-13,满五年,有抵押 220万元 廊坊银行 业主自还,商品房,普通住宅,非共有,已上传房本照片,月亮城堡 地铁22号线 6号线 大运河景区,270万,"26,417元/平",月亮城堡 -武夷花园,1室1厅,102.21平米,"('中楼层(共11层)',)",2005年,板楼,18人关注,2个月以前发布,VR房源,房本满五年,,,随时看房,https://bj.lianjia.com/ershoufang/101129033808.html
昌平,天通苑中苑,昌平 天通苑 五至六环,2室1厅1厨2卫,103.29㎡,93.03㎡,南 北,简装,集中供暖,"暂无数据
                                                        




实际层高需现场测量，具体数据以实际测量为准",中楼层 (共7层),平层,板楼,混合结构,,无,2024-08-08,2008-10-15,满五年,无抵押,一类经济适用房,普通住宅,非共有,已上传房本照片,此房满五年唯一，南北通透格局 采光好 无遮挡 ！,362万,"35,047元/平",天通苑中苑 -天通苑,2室1厅,103.29平米,"('中楼层(共7层)',)",,板楼,72人关注,8个月以前发布,VR看装修,房本满五年,,,随时看房,https://bj.lianjia.com/ershoufang/101125885197.html
通州,瑞都公园世家北区,通州 临河里 五至六环,1室1厅1厨1卫,50.67㎡,43.85㎡,西北,简装,集中供暖,"暂无数据
                                                        




实际层高需现场测量，具体数据以实际测量为准",中楼层 (共9层),平层,板塔结合,钢混结构,一梯四户,有,2025-04-05,2016-02-02,满五年,有抵押 88万元 银行 客户偿还,商品房,普通住宅,非共有,已上传房本照片,正规一居室 双地铁交通 诚心出售,189万,"37,301元/平",瑞都公园世家北区 -临河里,1室1厅,50.67平米,"('中楼层(共9层)',)",2006年,板塔结合,0人关注,22天以前发布,VR看装修,房本满五年,近地铁,,,https://bj.lianjia.com/ershoufang/101129897660.html
西城,新安中里,西城 右安门内 二环内,2室1厅1厨1卫,50.48㎡,,西,精装,集中供暖,"暂无数据
                                                        




实际层高需现场测量，具体数据以实际测量为准",中楼层 (共16层),平层,板塔结合,钢混结构,一梯四户,有,2024-12-08,2016-02-01,满五年,有抵押 410万元,商品房,普通住宅,共有,已上传房本照片,右安门内04年钢混楼，精装小两居电梯直达，满五唯一,466万,"92,314元/平",新安中里 -右安门内,2室1厅,50.48平米,"('16层',)",,板塔结合,35人关注,4个月以前发布,VR看装修,房本满五年,,,,https://bj.lianjia.com/ershoufang/101127939086.html
昌平,天通苑东一区,昌平 天通苑 五至六环,4室1厅1厨2卫,202.56㎡,,东南,精装,集中供暖,"暂无数据
                                                        




实际层高需现场测量，具体数据以实际测量为准",高楼层 (共19层),复式,塔楼,钢混结构,两梯八户,有,2025-02-09,2005-05-25,满五年,无抵押,一类经济适用房,普通住宅,非共有,已上传房本照片,天通苑东一区精装修电梯复式 看房方便,619万,"30,559元/平",天通苑东一区 -天通苑,4室1厅,202.56平米,"('高楼层(共19层)',)",,塔楼,24人关注,2个月以前发布,VR房源,房本满五年,,,随时看房,https://bj.lianjia.com/ershoufang/101128704646.html
朝阳,恒大御景湾东区,朝阳 豆各庄 五至六环,2室2厅1厨1卫,89.31㎡,,东南,简装,集中供暖,"暂无数据
                                                        




实际层高需现场测量，具体数据以实际测量为准",低楼层 (共19层),平层,板楼,钢混结构,两梯四户,有,2024-04-15,2018-12-21,满五年,有抵押 110万元 中国银行 业主自还,自住型商品房,普通住宅,共有,已上传房本照片,恒大御景湾东区C2东南向两居室，满五唯一，户型方正,370万,"41,429元/平",恒大御景湾东区 -豆各庄,2室2厅,89.31平米,"('低楼层(共19层)',)",2016年,板楼,21人关注,一年前发布,VR看装修,房本满五年,,,随时看房,https://bj.lianjia.com/ershoufang/101123633599.html
朝阳,日月东华,朝阳 石佛营 四至五环,2室2厅1厨1卫,101.83㎡,,西南,简装,集中供暖,"暂无数据
                                                        




实际层高需现场测量，具体数据以实际测量为准",低楼层 (共21层),平层,塔楼,钢混结构,两梯十户,有,2024-12-26,2004-06-29,满五年,有抵押 210万元 平安银行 客户偿还,商品房,普通住宅,非共有,已上传房本照片,【视野开阔无遮挡】日月东华 满五年唯一商品房,438万,"43,013元/平",日月东华 -石佛营,2室2厅,101.83平米,"('低楼层(共21层)',)",,塔楼,23人关注,3个月以前发布,VR房源,房本满五年,近地铁,,,https://bj.lianjia.com/ershoufang/101128224444.html
昌平,云趣园一区,昌平 回龙观 五至六环,4室2厅1厨2卫,172.36㎡,,南 北,精装,自供暖,"暂无数据
                                                        




实际层高需现场测量，具体数据以实际测量为准",高楼层 (共7层),复式,板楼,混合结构,,无,2024-12-10,2024-12-10,未满两年,有抵押,商品房,普通住宅,共有,已上传房本照片,自主精装修 近地铁 小区中间位置 大复式采光好,460万,"26,689元/平",云趣园一区 -回龙观,4室2厅,172.36平米,"('7层',)",,板楼,5人关注,4个月以前发布,VR房源,,近地铁,,随时看房,https://bj.lianjia.com/ershoufang/101127982979.html
东城,东四块玉南街,东城 左安门 二环内,2室1厅1厨1卫,52.7㎡,,南 北,简装,集中供暖,"暂无数据
                                                        




实际层高需现场测量，具体数据以实际测量为准",低楼层 (共6层),平层,板楼,混合结构,,无,2025-02-17,2002-07-22,满五年,无抵押,已购公房,普通住宅,非共有,已上传房本照片,龙体东四块玉南街独门独院不临街,410万,"77,799元/平",东四块玉南街 -左安门,2室1厅,52.7平米,"('低楼层(共6层)',)",,板楼,42人关注,2个月以前发布,VR看装修,房本满五年,近地铁,,随时看房,https://bj.lianjia.com/ershoufang/101128889651.html
房山,国际花园2号院,房山 长阳 五至六环,2室1厅1厨1卫,76.44㎡,58.2㎡,南 北,精装,自供暖,"暂无数据
                                                        




实际层高需现场测量，具体数据以实际测量为准",高楼层 (共18层),平层,板楼,钢混结构,一梯两户,有,2025-03-09,2016-11-10,满五年,有抵押 65万元 建设银行 业主自还,商品房,普通住宅,非共有,已上传房本照片,国际花园2号院，房山 长阳 篱笆房,230万,"30,089元/平",国际花园2号院 -长阳,2室1厅,76.44平米,"('高楼层(共18层)',)",2014年,板楼,10人关注,1个月以前发布,VR看装修,房本满五年,,,,https://bj.lianjia.com/ershoufang/101129327658.html
房山,金地朗悦朗园,房山 长阳 五至六环,3室1厅1厨2卫,111.88㎡,,南 北,精装,集中供暖,"暂无数据
                                                        




实际层高需现场测量，具体数据以实际测量为准",顶层 (共8层),复式,板楼,钢混结构,一梯两户,有,2024-08-11,2018-09-12,满五年,有抵押 50万元 公积金 业主自还,商品房,普通住宅,非共有,已上传房本照片,金地朗悦朗园 精装上跃 安静不临街,450万,"40,222元/平",金地朗悦朗园 -长阳,3室1厅,111.88平米,"('顶层(共8层)',)",2013年,板楼,30人关注,8个月以前发布,VR房源,房本满五年,,,随时看房,https://bj.lianjia.com/ershoufang/101125864555.html
大兴,旧宫新苑南区,大兴 旧宫 四至五环,2室1厅1厨1卫,84.68㎡,66.83㎡,南 北,简装,集中供暖,"暂无数据
                                                        




实际层高需现场测量，具体数据以实际测量为准",顶层 (共18层),平层,板楼,钢混结构,一梯三户,有,2025-03-13,2018-04-18,满五年,无抵押,商品房,普通住宅,非共有,已上传房本照片,旧宫2012年南北通透，电梯房，采光好,299万,"35,310元/平",旧宫新苑南区 -旧宫,2室1厅,84.68平米,"('顶层(共18层)',)",2012年,板楼,11人关注,1个月以前发布,VR看装修,房本满五年,,,随时看房,https://bj.lianjia.com/ershoufang/101129441682.html
朝阳,安慧北里逸园,朝阳 亚运村 四至五环,1室1厅1厨1卫,47.9㎡,,南,简装,集中供暖,"暂无数据
                                                        




实际层高需现场测量，具体数据以实际测量为准",底层 (共6层),平层,板楼,混合结构,,无,2024-10-25,2024-10-24,未满两年,无抵押,已购公房,普通住宅,非共有,已上传房本照片,少出户型南向方正大阳台，满五年唯一，购房费成本低,290万,"60,543元/平",安慧北里逸园 -亚运村,1室1厅,47.9平米,"('底层(共6层)',)",1994年,板楼,58人关注,5个月以前发布,VR看装修,,近地铁,,随时看房,https://bj.lianjia.com/ershoufang/101127254694.html
海淀,怡美家园,海淀 上地 五至六环,3室1厅1厨2卫,120.84㎡,,南 北,精装,自供暖,"暂无数据
                                                        




实际层高需现场测量，具体数据以实际测量为准",中楼层 (共10层),平层,板楼,钢混结构,一梯两户,有,2025-03-23,2017-12-04,满五年,有抵押 260万元 客户偿还,商品房,普通住宅,非共有,已上传房本照片,怡美家园 南北通透 前后无遮挡 精装修拎包入住,988万,"81,762元/平",怡美家园 -上地,3室1厅,120.84平米,"('中楼层(共10层)',)",,板楼,30人关注,1个月以前发布,VR看装修,房本满五年,近地铁,,,https://bj.lianjia.com/ershoufang/101129640564.html
昌平,龙跃苑三区,昌平 回龙观 五至六环,2室1厅1厨1卫,92.18㎡,82.44㎡,南 北,简装,自供暖,"暂无数据
                                                        




实际层高需现场测量，具体数据以实际测量为准",底层 (共6层),,板楼,混合结构,,无,2025-02-23,2005-09-01,满五年,有抵押 90万元 个人 业主自还,一类经济适用房,普通住宅,非共有,已上传房本照片,采光好，随时看，户型方正，随时签约。,359万,"38,946元/平",龙跃苑三区 -回龙观,2室1厅,92.18平米,"('6层',)",,板楼,56人关注,2个月以前发布,VR看装修,房本满五年,近地铁,,随时看房,https://bj.lianjia.com/ershoufang/101128961283.html
朝阳,迎曦园,朝阳 石佛营 四至五环,1室1厅1厨1卫,70.17㎡,,南 西,精装,集中供暖,"暂无数据
                                                        




实际层高需现场测量，具体数据以实际测量为准",中楼层 (共21层),平层,塔楼,钢混结构,三梯十二户,有,2025-03-31,2016-02-24,满五年,有抵押 50万元,商品房,普通住宅,非共有,已上传房本照片,精装修大一居满五唯一，视野开阔采光无遮配套设施齐全,350万,"49,879元/平",迎曦园 -石佛营,1室1厅,70.17平米,"('中楼层(共21层)',)",,塔楼,10人关注,27天以前发布,VR看装修,房本满五年,,,,https://bj.lianjia.com/ershoufang/101129707785.html
大兴,亦庄北岸,大兴 旧宫 四至五环,1室1厅1厨1卫,63.32㎡,,东北,简装,自供暖,"暂无数据
                                                        




实际层高需现场测量，具体数据以实际测量为准",高楼层 (共15层),平层,板楼,钢混结构,两梯四户,有,2024-01-15,2016-09-28,满五年,有抵押 140万元 汇丰银行 客户偿还,商品房,普通住宅,非共有,已上传房本照片,亦庄北岸：满五唯一，高层视野敞亮，诚意出售,205万,"32,376元/平",亦庄北岸 -旧宫,1室1厅,63.32平米,"('高楼层(共15层)',)",,板楼,21人关注,一年前发布,VR看装修,房本满五年,,,随时看房,https://bj.lianjia.com/ershoufang/101122650388.html
通州,怡佳家园,通州 万达 五至六环,3室1厅1厨2卫,126.91㎡,,东南,精装,集中供暖,"暂无数据
                                                        




实际层高需现场测量，具体数据以实际测量为准",高楼层 (共28层),平层,塔楼,钢混结构,两梯八户,有,2025-03-18,2003-12-05,满五年,无抵押,商品房,普通住宅,非共有,已上传房本照片,直线观河景房，万达对面，双规道交通，人车分流。,460万,"36,247元/平",怡佳家园 -万达,3室1厅,126.91平米,"('高楼层(共28层)',)",2002年,塔楼,11人关注,1个月以前发布,VR看装修,房本满五年,近地铁,,随时看房,https://bj.lianjia.com/ershoufang/101129513070.html
通州,西马庄园,通州 通州北苑 五至六环,1室1厅1厨1卫,57.53㎡,,西北,简装,集中供暖,"暂无数据
                                                        




实际层高需现场测量，具体数据以实际测量为准",高楼层 (共6层),平层,板楼,混合结构,,无,2025-02-10,2015-12-23,满五年,无抵押,商品房,普通住宅,非共有,已上传房本照片,西马庄园 商品房  正规一居室，看房方便,140万,"24,336元/平",西马庄园 -通州北苑,1室1厅,57.53平米,"('高楼层(共6层)',)",,板楼,27人关注,2个月以前发布,VR房源,房本满五年,,,,https://bj.lianjia.com/ershoufang/101128701855.html
朝阳,公园大道,朝阳 朝阳公园 三至四环,3室1厅1厨2卫,168.4㎡,131.09㎡,西南 北,精装,自供暖,"暂无数据
                                                        




实际层高需现场测量，具体数据以实际测量为准",中楼层 (共31层),平层,板塔结合,钢混结构,四梯八户,有,2025-04-20,2014-02-11,满五年,有抵押 150万元,商品房,普通住宅,非共有,已上传房本照片,270°圆弧窗 全景城市绿fei 心旷神怡！,1580万,"93,825元/平",公园大道 -朝阳公园,3室1厅,168.4平米,"('中楼层(共31层)',)",2006年,板塔结合,9人关注,7天以前发布,VR房源,房本满五年,近地铁,,随时看房,https://bj.lianjia.com/ershoufang/101129641287.html
通州,长城国际,通州 通州北苑 五至六环,1室1厅1厨1卫,49.94㎡,38.34㎡,东,简装,集中供暖,"暂无数据
                                                        




实际层高需现场测量，具体数据以实际测量为准",中楼层 (共22层),平层,塔楼,钢混结构,两梯十二户,有,2025-03-11,2011-08-11,满五年,无抵押,商品房,普通住宅,非共有,已上传房本照片,长城国际，东向，安静舒适，满五唯一，看房方便,148万,"29,636元/平",长城国际 -通州北苑,1室1厅,49.94平米,"('中楼层(共22层)',)",2009年,塔楼,4人关注,1个月以前发布,VR看装修,房本满五年,,,随时看房,https://bj.lianjia.com/ershoufang/101129389419.html
门头沟,惠民家园二区,门头沟 大峪 六环外,2室1厅1厨1卫,74.54㎡,62.96㎡,南 北,精装,集中供暖,"暂无数据
                                                        




实际层高需现场测量，具体数据以实际测量为准",底层 (共11层),平层,板楼,钢混结构,一梯四户,有,2025-04-11,2025-01-26,未满两年,无抵押,二类经济适用房,普通住宅,非共有,已上传房本照片,惠民家园二区 2室1厅 南 北,228万,"30,588元/平",惠民家园二区 -大峪,2室1厅,74.54平米,"('底层(共11层)',)",2010年,板楼,4人关注,16天以前发布,VR看装修,,,,随时看房,https://bj.lianjia.com/ershoufang/101130023003.html
房山,四合巷小区,房山 良乡 五至六环,3室1厅1厨1卫,80.24㎡,,南 北,简装,集中供暖,"暂无数据
                                                        




实际层高需现场测量，具体数据以实际测量为准",中楼层 (共6层),平层,板楼,混合结构,,无,2025-01-22,2014-05-22,满五年,无抵押,已购公房,普通住宅,非共有,已上传房本照片,四合巷小区 3室1厅 南 北,129万,"16,077元/平",四合巷小区 -良乡,3室1厅,80.24平米,"('6层',)",1990年,板楼,17人关注,3个月以前发布,VR房源,房本满五年,,,随时看房,https://bj.lianjia.com/ershoufang/101128208037.html
丰台,莲花池南里小区,丰台 广安门 二至三环,3室1厅1厨1卫,78.79㎡,,南 北,简装,集中供暖,"暂无数据
                                                        




实际层高需现场测量，具体数据以实际测量为准",中楼层 (共6层),平层,板楼,混合结构,,无,2024-09-27,2011-08-29,满五年,无抵押,已购公房,普通住宅,非共有,已上传房本照片,西三环 莲花池南里 三居 央产的家属楼,530万,"67,268元/平",莲花池南里小区 -广安门,3室1厅,78.79平米,"('中楼层(共6层)',)",,板楼,39人关注,6个月以前发布,VR看装修,房本满五年,,,,https://bj.lianjia.com/ershoufang/101126694227.html
通州,时尚街区东区,通州 梨园 五至六环,3室1厅1厨1卫,106.35㎡,,东北,精装,集中供暖,"暂无数据
                                                        




实际层高需现场测量，具体数据以实际测量为准",中楼层 (共13层),平层,板楼,钢混结构,一梯四户,有,2024-12-06,2007-08-24,满五年,无抵押,商品房,普通住宅,非共有,已上传房本照片,时尚街区东区正规三居室业主诚心出售,365万,"34,321元/平",时尚街区东区 -梨园,3室1厅,106.35平米,"('中楼层(共13层)',)",2005年,板楼,8人关注,4个月以前发布,VR看装修,房本满五年,近地铁,,随时看房,https://bj.lianjia.com/ershoufang/101127918080.html
通州,十里春风,通州 通州其它 六环外,2室1厅1厨1卫,77.73㎡,56.26㎡,南 北,其他,集中供暖,"暂无数据
                                                        




实际层高需现场测量，具体数据以实际测量为准",中楼层 (共18层),平层,板楼,钢混结构,,,2024-11-14,2024-01-12,未满两年,有抵押 70万元,商品房,普通住宅,非共有,已上传房本照片,十里春风 2室1厅 南 北,93万,"11,965元/平",十里春风 -通州其它,2室1厅,77.73平米,"('中楼层(共18层)',)",2020年,板楼,14人关注,5个月以前发布,VR看装修,,,,随时看房,https://bj.lianjia.com/ershoufang/101127557590.html
东城,远洋德邑,东城 广渠门 二至三环,1室1厅1厨1卫,72.34㎡,,西,精装,集中供暖,"暂无数据
                                                        




实际层高需现场测量，具体数据以实际测量为准",高楼层 (共22层),平层,塔楼,钢混结构,三梯十三户,有,2025-03-28,2003-11-12,满五年,无抵押,商品房,普通住宅,非共有,已上传房本照片,远洋德邑商品有燃气 好楼层 视野开阔 采光好一居室,569万,"78,657元/平",远洋德邑 -广渠门,1室1厅,72.34平米,"('高楼层(共22层)',)",,塔楼,5人关注,30天以前发布,VR看装修,房本满五年,,,,https://bj.lianjia.com/ershoufang/101129724798.html
丰台,洋桥北里,丰台 洋桥 二至三环,2室1厅1厨1卫,54.4㎡,,南 北,简装,集中供暖,"暂无数据
                                                        




实际层高需现场测量，具体数据以实际测量为准",中楼层 (共6层),平层,板楼,混合结构,,无,2024-11-13,2023-08-09,未满两年,无抵押,已购公房,普通住宅,非共有,已上传房本照片,中间楼层 南北通透  视野开阔 采光充足 看房方便,265万,"48,714元/平",洋桥北里 -洋桥,2室1厅,54.4平米,"('中楼层(共6层)',)",,板楼,44人关注,5个月以前发布,VR看装修,,近地铁,,,https://bj.lianjia.com/ershoufang/101127567989.html
通州,天赐良园东三期A区,通州 北关 五至六环,2室1厅1厨1卫,100.89㎡,91.86㎡,北 南,精装,集中供暖,"暂无数据
                                                        




实际层高需现场测量，具体数据以实际测量为准",中楼层 (共6层),平层,板楼,混合结构,,无,2025-03-05,2005-06-29,满五年,无抵押,商品房,普通住宅,非共有,已上传房本照片,天赐良园东三期楼w位置，落地窗诚意卖，满五唯一,399万,"39,549元/平",天赐良园东三期A区 -北关,2室1厅,100.89平米,"('中楼层(共6层)',)",,板楼,12人关注,1个月以前发布,VR看装修,房本满五年,近地铁,,随时看房,https://bj.lianjia.com/ershoufang/101129230597.html
房山,铭品嘉苑,房山 长阳 五至六环,1室1厅1厨1卫,70.8㎡,,南,精装,集中供暖,"暂无数据
                                                        




实际层高需现场测量，具体数据以实际测量为准",中楼层 (共15层),平层,板塔结合,钢混结构,两梯十二户,有,2025-03-13,2018-11-26,满五年,无抵押,限价商品房,普通住宅,非共有,已上传房本照片,铭品嘉苑，精装修，南向一居室，看房方便有钥匙,140万,"19,775元/平",铭品嘉苑 -长阳,1室1厅,70.8平米,"('中楼层(共15层)',)",2016年,板塔结合,6人关注,1个月以前发布,VR房源,房本满五年,,,随时看房,https://bj.lianjia.com/ershoufang/101129439664.html
东城,永康胡同1号院,东城 安定门 二环内,1室1厅1厨1卫,46.48㎡,,西 东,精装,集中供暖,"暂无数据
                                                        




实际层高需现场测量，具体数据以实际测量为准",中楼层 (共7层),平层,板楼,混合结构,,无,2025-03-06,2023-08-23,未满两年,有抵押,商品房,普通住宅,非共有,已上传房本照片,安交，方家，中间楼层，精装修可拎包入住,596.5万,"128,335元/平",永康胡同1号院 -安定门,1室1厅,46.48平米,"('中楼层(共7层)',)",2002年,板楼,5人关注,1个月以前发布,VR看装修,,近地铁,,随时看房,https://bj.lianjia.com/ershoufang/101129175424.html
东城,管村26号院,东城 永定门 二至三环,2室1厅1厨1卫,69.03㎡,,南 北,精装,集中供暖,"暂无数据
                                                        




实际层高需现场测量，具体数据以实际测量为准",中楼层 (共6层),平层,板楼,混合结构,,无,2024-12-28,2024-10-09,未满两年,无抵押,已购公房,普通住宅,非共有,已上传房本照片,东城区中间楼层南北通透没有遮挡,438万,"63,451元/平",管村26号院 -永定门,2室1厅,69.03平米,"('中楼层(共6层)',)",,板楼,49人关注,3个月以前发布,VR看装修,,近地铁,,,https://bj.lianjia.com/ershoufang/101128258895.html
西城,教子胡同,西城 牛街 二环内,2室1厅1厨1卫,57.89㎡,,南 北,简装,集中供暖,"暂无数据
                                                        




实际层高需现场测量，具体数据以实际测量为准",顶层 (共5层),平层,板楼,混合结构,,无,2025-03-12,2007-01-12,满五年,无抵押,商品房,普通住宅,非共有,已上传房本照片,教子胡同，南北通透两居室，采光好,430万,"74,279元/平",教子胡同 -牛街,2室1厅,57.89平米,"('顶层(共5层)',)",,板楼,7人关注,1个月以前发布,VR房源,房本满五年,近地铁,,,https://bj.lianjia.com/ershoufang/101129415123.html
顺义,清岚花园汉民区,顺义 后沙峪 五至六环,2室1厅1厨1卫,73.22㎡,64.44㎡,南 北,精装,集中供暖,"暂无数据
                                                        




实际层高需现场测量，具体数据以实际测量为准",顶层 (共6层),平层,板楼,混合结构,,,2025-04-12,2016-08-16,满五年,无抵押,商品房,普通住宅,非共有,已上传房本照片,清岚花园汉民区满五唯一好价格，看房方便,178万,"24,311元/平",清岚花园汉民区 -后沙峪,2室1厅,73.22平米,"('顶层(共6层)',)",2012年,板楼,7人关注,15天以前发布,VR看装修,房本满五年,,,,https://bj.lianjia.com/ershoufang/101130030807.html
朝阳,农光里,朝阳 劲松 三至四环,2室1厅1厨1卫,103.1㎡,,南 西,简装,自供暖,"暂无数据
                                                        




实际层高需现场测量，具体数据以实际测量为准",高楼层 (共22层),平层,塔楼,钢混结构,两梯八户,有,2024-05-29,2010-02-10,满五年,无抵押,商品房,普通住宅,共有,已上传房本照片,农光里渤海家园 单独院落管理 满五年唯一 随时可看,585万,"56,742元/平",农光里 -劲松,2室1厅,103.1平米,"('高楼层(共22层)',)",,塔楼,84人关注,10个月以前发布,VR房源,房本满五年,近地铁,,随时看房,https://bj.lianjia.com/ershoufang/101124471891.html
丰台,正邦嘉园二期,丰台 刘家窑 三至四环,2室1厅1厨1卫,90.05㎡,,西北,精装,集中供暖,"暂无数据
                                                        




实际层高需现场测量，具体数据以实际测量为准",顶层 (共24层),平层,塔楼,钢混结构,三梯十四户,有,2024-09-20,2021-01-07,满两年,无抵押,二类经济适用房,普通住宅,非共有,已上传房本照片,满五唯一商品房价格，精装修，看房随时,359万,"39,867元/平",正邦嘉园二期 -刘家窑,2室1厅,90.05平米,"('顶层(共24层)',)",2006年,塔楼,11人关注,7个月以前发布,VR看装修,,,房本满两年,,https://bj.lianjia.com/ershoufang/101126539574.html
海淀,恩济里小区,海淀 定慧寺 三至四环,1室1厅1厨1卫,44.22㎡,,西 南 北,精装,集中供暖,"暂无数据
                                                        




实际层高需现场测量，具体数据以实际测量为准",中楼层 (共4层),平层,板楼,混合结构,,无,2024-10-31,2018-10-26,满五年,无抵押,商品房,普通住宅,共有,已上传房本照片,恩济里小区 全明户型 3层 中间位置 安静 采光好,339万,"76,663元/平",恩济里小区 -定慧寺,1室1厅,44.22平米,"('中楼层(共4层)',)",1991年,板楼,34人关注,5个月以前发布,VR看装修,房本满五年,近地铁,,随时看房,https://bj.lianjia.com/ershoufang/101127364302.html
大兴,清源东里,大兴 枣园 五至六环,2室1厅1厨1卫,59.6㎡,,南 北,简装,集中供暖,"暂无数据
                                                        




实际层高需现场测量，具体数据以实际测量为准",高楼层 (共6层),平层,板楼,混合结构,,无,2025-02-24,2009-05-19,满五年,无抵押,已购公房,普通住宅,非共有,已上传房本照片,满五年的商品房，南北通透，明厨明卫，采光好,157万,"26,343元/平",清源东里 -枣园,2室1厅,59.6平米,"('高楼层(共6层)',)",,板楼,13人关注,2个月以前发布,VR房源,房本满五年,,,,https://bj.lianjia.com/ershoufang/101129053833.html
朝阳,翠成馨园A区,朝阳 垡头 四至五环,3室2厅1厨1卫,120.64㎡,96.78㎡,南 北,简装,集中供暖,"暂无数据
                                                        




实际层高需现场测量，具体数据以实际测量为准",高楼层 (共14层),平层,板楼,钢混结构,两梯九户,有,2025-02-16,2010-04-27,满五年,无抵押,一类经济适用房,普通住宅,非共有,已上传房本照片,翠成馨园A区，满五唯一，电梯三居室，南北通透。,499万,"41,363元/平",翠成馨园A区 -垡头,3室2厅,120.64平米,"('高楼层(共14层)',)",2007年,板楼,23人关注,2个月以前发布,VR看装修,房本满五年,近地铁,,随时看房,https://bj.lianjia.com/ershoufang/101128860729.html
东城,望坛新苑,东城 永定门 二至三环,2室1厅1厨1卫,81.48㎡,,南,精装,集中供暖,"暂无数据
                                                        




实际层高需现场测量，具体数据以实际测量为准",低楼层 (共12层),平层,板楼,钢混结构,一梯五户,有,2024-11-10,2023-04-20,满两年,有抵押 150万元 业主自还,商品房,普通住宅,非共有,已上传房本照片,望坛新苑 朝南两居 原票735万 精装修有车位,708万,"86,893元/平",望坛新苑 -永定门,2室1厅,81.48平米,"('12层',)",,板楼,46人关注,5个月以前发布,VR看装修,,近地铁,房本满两年,随时看房,https://bj.lianjia.com/ershoufang/101127529170.html
通州,富力惠兰美居,通州 潞苑 五至六环,1室1厅1厨1卫,49.69㎡,,东,简装,集中供暖,"暂无数据
                                                        




实际层高需现场测量，具体数据以实际测量为准",中楼层 (共28层),平层,板塔结合,钢混结构,三梯十户,有,2024-09-30,2024-07-04,未满两年,无抵押,商品房,普通住宅,非共有,已上传房本照片,富力惠兰美居 1室1厅 东,140万,"28,175元/平",富力惠兰美居 -潞苑,1室1厅,49.69平米,"('中楼层(共28层)',)",2015年,板塔结合,8人关注,6个月以前发布,VR看装修,,,,随时看房,https://bj.lianjia.com/ershoufang/101126870259.html
昌平,天通苑北一区,昌平 天通苑 五至六环,3室2厅1厨2卫,140.3㎡,122.56㎡,南 北,简装,集中供暖,"暂无数据
                                                        




实际层高需现场测量，具体数据以实际测量为准",低楼层 (共7层),平层,板楼,混合结构,一梯两户,有,2025-03-05,2012-02-15,满五年,有抵押 80万元 公积金 业主自还,商品房,普通住宅,共有,已上传房本照片,天通苑北一区商品房南北通透三居室,545万,"38,846元/平",天通苑北一区 -天通苑,3室2厅,140.3平米,"('低楼层(共7层)',)",,板楼,18人关注,1个月以前发布,VR看装修,房本满五年,近地铁,,随时看房,https://bj.lianjia.com/ershoufang/101129241805.html
大兴,马赛公馆,大兴 枣园 五至六环,2室2厅1厨1卫,96.53㎡,75.16㎡,南 北,精装,集中供暖,"暂无数据
                                                        




实际层高需现场测量，具体数据以实际测量为准",高楼层 (共17层),平层,板楼,钢混结构,两梯三户,有,2025-03-03,2014-07-16,满五年,有抵押 95万元,商品房,普通住宅,非共有,已上传房本照片,马赛公馆 2室2厅 南 北,436万,"45,168元/平",马赛公馆 -枣园,2室2厅,96.53平米,"('高楼层(共17层)',)",2012年,板楼,16人关注,1个月以前发布,VR看装修,房本满五年,,,随时看房,https://bj.lianjia.com/ershoufang/101129207272.html
海淀,成府路35号院,海淀 五道口 四至五环,2室1厅1厨1卫,68.69㎡,,南 北,精装,集中供暖,"暂无数据
                                                        




实际层高需现场测量，具体数据以实际测量为准",中楼层 (共6层),平层,板楼,砖混结构,,无,2024-10-20,2021-02-23,满两年,无抵押,商品房,普通住宅,非共有,已上传房本照片,五道口地铁西侧 成府路35号院 南北通透 有客厅,588万,"85,602元/平",成府路35号院 -五道口,2室1厅,68.69平米,"('中楼层(共6层)',)",,板楼,9人关注,6个月以前发布,VR看装修,,,房本满两年,随时看房,https://bj.lianjia.com/ershoufang/101127179949.html
西城,远雄大观,西城 右安门内 二环内,1室1厅1厨1卫,63.71㎡,,西,精装,自供暖,"暂无数据
                                                        




实际层高需现场测量，具体数据以实际测量为准",低楼层 (共6层),平层,板塔结合,钢混结构,一梯四户,有,2025-02-22,2016-04-14,满五年,有抵押 60万元 公积金,商品房,普通住宅,非共有,已上传房本照片,远雄大观，满五年唯一商品房，板楼有电梯，价格能商量,620万,"97,316元/平",远雄大观 -右安门内,1室1厅,63.71平米,"('低楼层(共6层)',)",2009年,板塔结合,11人关注,2个月以前发布,VR看装修,房本满五年,,,,https://bj.lianjia.com/ershoufang/101126532678.html
东城,天坛东里中区,东城 天坛 二环内,2室0厅0厨0卫,49.01㎡,,东 南 北,其他,集中供暖,"暂无数据
                                                        




实际层高需现场测量，具体数据以实际测量为准",顶层 (共5层),平层,板楼,混合结构,,无,2025-02-18,2025-01-03,未满两年,无抵押,已购公房,普通住宅,共有,已上传房本照片,天坛东里中区 2室0厅 东 南 北,368万,"75,087元/平",天坛东里中区 -天坛,2室0厅,49.01平米,"('顶层(共5层)',)",,板楼,12人关注,2个月以前发布,VR看装修,,近地铁,,随时看房,https://bj.lianjia.com/ershoufang/101128908413.html
海淀,宝盛里,海淀 清河 五至六环,2室1厅1厨1卫,87.51㎡,,南 北,简装,集中供暖,"暂无数据
                                                        




实际层高需现场测量，具体数据以实际测量为准",中楼层 (共6层),平层,板楼,混合结构,,无,2025-01-11,2021-04-07,满两年,有抵押 240万元 业主自还,商品房,普通住宅,共有,已上传房本照片,宝盛里商圈主推房源，价格可以谈,520万,"59,422元/平",宝盛里 -清河,2室1厅,87.51平米,"('中楼层(共6层)',)",,板楼,28人关注,3个月以前发布,VR房源,,,房本满两年,随时看房,https://bj.lianjia.com/ershoufang/101128469596.html
东城,交道口北头条,东城 交道口 二环内,1室1厅1厨1卫,26.7㎡,,南,精装,自供暖,"暂无数据
                                                        




实际层高需现场测量，具体数据以实际测量为准",底层 (共1层),,平房,砖木结构,,无,2025-04-12,2024-01-04,未满两年,无抵押,商品房,普通住宅,非共有,已上传房本照片,交道口北头条方家胡同平房出售可以看房子,350万,"131,087元/平",交道口北头条 -交道口,1室1厅,26.7平米,"('底层(共1层)',)",,,3人关注,15天以前发布,VR房源,,近地铁,,随时看房,https://bj.lianjia.com/ershoufang/101130031329.html
昌平,西关北路,昌平 西关环岛 六环外,2室1厅1厨1卫,71.73㎡,,南 北,毛坯,集中供暖,"暂无数据
                                                        




实际层高需现场测量，具体数据以实际测量为准",顶层 (共6层),平层,板楼,混合结构,,无,2024-08-25,2017-03-14,满五年,无抵押,已购公房,普通住宅,共有,已上传房本照片,南北通透，带客厅，看房方便，单价低，明卫生间,145万,"20,215元/平",西关北路 -西关环岛,2室1厅,71.73平米,"('顶层(共6层)',)",1993年,板楼,8人关注,7个月以前发布,VR看装修,房本满五年,,,随时看房,https://bj.lianjia.com/ershoufang/101125835513.html
丰台,玉璞家园,丰台 丽泽 三至四环,2室1厅1厨1卫,64.33㎡,49.91㎡,南 北,精装,集中供暖,"暂无数据
                                                        




实际层高需现场测量，具体数据以实际测量为准",中楼层 (共22层),平层,板楼,钢混结构,三梯十四户,有,2025-04-05,2023-07-06,未满两年,有抵押 100万元 建行 业主自还,商品房,普通住宅,非共有,已上传房本照片,2016年社区  玉璞家园 南北通透 精装修两居,365万,"56,739元/平",玉璞家园 -丽泽,2室1厅,64.33平米,"('中楼层(共22层)',)",2016年,板楼,9人关注,22天以前发布,VR看装修,,近地铁,,随时看房,https://bj.lianjia.com/ershoufang/101129889442.html
丰台,益丰苑,丰台 丽泽 三至四环,2室2厅1厨1卫,93.84㎡,73.96㎡,南 北,精装,集中供暖,"暂无数据
                                                        




实际层高需现场测量，具体数据以实际测量为准",高楼层 (共10层),平层,板楼,钢混结构,一梯两户,有,2025-03-09,2017-08-31,满五年,无抵押,商品房,普通住宅,非共有,已上传房本照片,西三环 益丰苑 南北通 透明厨明卫 高层两居室出售,840万,"89,515元/平",益丰苑 -丽泽,2室2厅,93.84平米,"('高楼层(共10层)',)",2010年,板楼,21人关注,1个月以前发布,VR看装修,房本满五年,近地铁,,随时看房,https://bj.lianjia.com/ershoufang/101129334955.html
石景山,雍景四季,石景山 苹果园 五至六环,2室1厅1厨1卫,114.22㎡,,南 北,简装,集中供暖,"暂无数据
                                                        




实际层高需现场测量，具体数据以实际测量为准",中楼层 (共9层),平层,板楼,钢混结构,两梯四户,有,2025-02-17,2012-04-17,满五年,无抵押,商品房,普通住宅,非共有,已上传房本照片,雍景四季 满五年唯一 南北通透 两居室,629万,"55,070元/平",雍景四季 -苹果园,2室1厅,114.22平米,"('中楼层(共9层)',)",,板楼,33人关注,2个月以前发布,VR房源,房本满五年,,,随时看房,https://bj.lianjia.com/ershoufang/101128900038.html
大兴,有德家苑2号院,大兴 旧宫 四至五环,2室1厅1厨1卫,88.37㎡,,南 北,简装,集中供暖,"暂无数据
                                                        




实际层高需现场测量，具体数据以实际测量为准",低楼层 (共17层),平层,板楼,钢混结构,一梯两户,有,2025-04-19,2022-10-31,满两年,有抵押 200万元,商品房,普通住宅,非共有,已上传房本照片,有德家苑二号院南北通透中间层近地铁两居室,310万,"35,080元/平",有德家苑2号院 -旧宫,2室1厅,88.37平米,"('低楼层(共17层)',)",,板楼,1人关注,8天以前发布,VR房源,,近地铁,房本满两年,随时看房,https://bj.lianjia.com/ershoufang/101130175137.html
房山,中建·京西印玥,房山 良乡 五至六环,4室1厅1厨2卫,106.49㎡,89.86㎡,南 北,精装,集中供暖,"暂无数据
                                                        




实际层高需现场测量，具体数据以实际测量为准",低楼层 (共6层),平层,板楼,钢混结构,一梯两户,有,2025-02-20,2023-04-17,满两年,有抵押 120万元,商品房,普通住宅,非共有,已上传房本照片,业主诚售 精装四居  满两年 电梯洋房 户型方正,389万,"36,530元/平",中建·京西印玥 -良乡,4室1厅,106.49平米,"('低楼层(共6层)',)",2022年,板楼,8人关注,2个月以前发布,VR房源,,,房本满两年,随时看房,https://bj.lianjia.com/ershoufang/101128959554.html
大兴,首开龙湖天琅,大兴 瀛海 五至六环,2室1厅1厨1卫,77.13㎡,58.14㎡,南 北,精装,集中供暖,"暂无数据
                                                        




实际层高需现场测量，具体数据以实际测量为准",中楼层 (共15层),平层,板楼,钢混结构,两梯四户,有,2025-04-13,2019-06-13,满五年,无抵押,限价商品房,普通住宅,非共有,已上传房本照片,龙湖开发，人车分流小区，采光好，社区人文好,238万,"30,857元/平",首开龙湖天琅 -瀛海,2室1厅,77.13平米,"('中楼层(共15层)',)",,板楼,3人关注,14天以前发布,VR看装修,房本满五年,,,随时看房,https://bj.lianjia.com/ershoufang/101129948673.html
通州,金隅花石匠二期西区,通州 临河里 五至六环,3室2厅1厨2卫,114.92㎡,,南 北,简装,集中供暖,"暂无数据
                                                        




实际层高需现场测量，具体数据以实际测量为准",高楼层 (共15层),平层,板楼,钢混结构,一梯两户,有,2024-06-24,2016-08-30,满五年,无抵押,商品房,普通住宅,非共有,已上传房本照片,金隅花石匠 2012年花园洋房 一梯两户 三阳开泰户型,575万,"50,035元/平",金隅花石匠二期西区 -临河里,3室2厅,114.92平米,"('高楼层(共15层)',)",2012年,板楼,20人关注,9个月以前发布,VR看装修,房本满五年,,,随时看房,https://bj.lianjia.com/ershoufang/101123956172.html
房山,海逸半岛,房山 良乡 五至六环,1室1厅1厨1卫,63.43㎡,,南,简装,自供暖,"暂无数据
                                                        




实际层高需现场测量，具体数据以实际测量为准",中楼层 (共14层),平层,板楼,钢混结构,两梯三户,有,2025-04-20,2017-03-29,满五年,无抵押,商品房,普通住宅,非共有,已上传房本照片,海逸半岛 1室1厅 南,179万,"28,221元/平",海逸半岛 -良乡,1室1厅,63.43平米,"('中楼层(共14层)',)",2005年,板楼,1人关注,7天以前发布,VR房源,房本满五年,,,随时看房,https://bj.lianjia.com/ershoufang/101130197266.html
顺义,裕龙三区,顺义 顺义城 六环外,3室2厅1厨2卫,156.59㎡,,南 西 北,精装,集中供暖,"暂无数据
                                                        




实际层高需现场测量，具体数据以实际测量为准",高楼层 (共22层),平层,板塔结合,钢混结构,两梯四户,有,2025-03-25,2010-11-17,满五年,无抵押,商品房,普通住宅,非共有,已上传房本照片,裕龙花园三区，大三居观景电梯房，好楼层,510万,"32,570元/平",裕龙三区 -顺义城,3室2厅,156.59平米,"('高楼层(共22层)',)",2009年,板塔结合,1人关注,1个月以前发布,VR看装修,房本满五年,,,,https://bj.lianjia.com/ershoufang/101129667388.html
通州,K2清水湾,通州 潞苑 五至六环,3室1厅1厨1卫,85.62㎡,68.3㎡,东 西,精装,集中供暖,"暂无数据
                                                        




实际层高需现场测量，具体数据以实际测量为准",高楼层 (共27层),平层,塔楼,钢混结构,两梯四户,有,2024-10-19,2014-07-14,满五年,无抵押,商品房,普通住宅,共有,已上传房本照片,K2清水湾 精装三居 双阳台 满五年唯一 视野好前,399万,"46,602元/平",K2清水湾 -潞苑,3室1厅,85.62平米,"('高楼层(共27层)',)",2012年,塔楼,25人关注,6个月以前发布,VR看装修,房本满五年,,,随时看房,https://bj.lianjia.com/ershoufang/101127149387.html
房山,沁园春景,房山 窦店 六环外,2室1厅1厨1卫,90.34㎡,,南 北,精装,集中供暖,"暂无数据
                                                        




实际层高需现场测量，具体数据以实际测量为准",底层 (共6层),平层,板楼,混合结构,,无,2024-12-26,2023-06-20,未满两年,无抵押,商品房,普通住宅,共有,已上传房本照片,沁园春景，一层两居室，可种花种菜，看房随时,119万,"13,173元/平",沁园春景 -窦店,2室1厅,90.34平米,"('底层(共6层)',)",2004年,板楼,5人关注,3个月以前发布,VR房源,,,,随时看房,https://bj.lianjia.com/ershoufang/101128226004.html
房山,徜徉嘉园6号院,房山 长阳 六环外,3室1厅1厨1卫,92.02㎡,74.51㎡,南 北,简装,集中供暖,"暂无数据
                                                        




实际层高需现场测量，具体数据以实际测量为准",高楼层 (共11层),平层,板楼,钢混结构,一梯两户,有,2024-11-04,2015-11-27,满五年,无抵押,商品房,普通住宅,非共有,已上传房本照片,徜徉嘉园6号院高楼层靠谱卖三居室，采光视野俱佳,335万,"36,406元/平",徜徉嘉园6号院 -长阳,3室1厅,92.02平米,"('高楼层(共11层)',)",2014年,板楼,12人关注,5个月以前发布,VR看装修,房本满五年,近地铁,,,https://bj.lianjia.com/ershoufang/101127420082.html
西城,新风北里,西城 马甸 二至三环,1室1厅1厨1卫,42.9㎡,,南,精装,集中供暖,"暂无数据
                                                        




实际层高需现场测量，具体数据以实际测量为准",低楼层 (共16层),平层,塔楼,混合结构,两梯八户,有,2024-10-18,2020-07-08,满两年,无抵押,已购公房,普通住宅,非共有,已上传房本照片,新风北里优质一居室，央产房，朝南向,685万,"159,674元/平",新风北里 -马甸,1室1厅,42.9平米,"('16层',)",,塔楼,6人关注,6个月以前发布,VR看装修,,近地铁,房本满两年,随时看房,https://bj.lianjia.com/ershoufang/101127158234.html
大兴,瀛海家园和园B区,大兴 瀛海 五至六环,1室1厅1厨1卫,58.14㎡,46.22㎡,南 北,简装,集中供暖,"暂无数据
                                                        




实际层高需现场测量，具体数据以实际测量为准",中楼层 (共15层),平层,板楼,钢混结构,一梯三户,有,2025-02-27,2017-09-29,满五年,无抵押,商品房,普通住宅,非共有,已上传房本照片,瀛海家园和园B区 8号线瀛海站 公交路到宋家庄,170万,"29,240元/平",瀛海家园和园B区 -瀛海,1室1厅,58.14平米,"('中楼层(共15层)',)",,板楼,25人关注,1个月以前发布,VR房源,房本满五年,,,随时看房,https://bj.lianjia.com/ershoufang/101129104969.html
大兴,一品嘉园,大兴 南中轴机场商务区 六环外,2室1厅1厨2卫,82.18㎡,,南 北,精装,集中供暖,"暂无数据
                                                        




实际层高需现场测量，具体数据以实际测量为准",顶层 (共6层),复式,板楼,钢混结构,一梯两户,有,2024-04-26,2018-04-19,满五年,有抵押 100万元,商品房,普通住宅,非共有,已上传房本照片,一品嘉园东区，电梯洋房，一梯两户,176万,"21,417元/平",一品嘉园 -南中轴机场商务区,2室1厅,82.18平米,"('顶层(共6层)',)",2012年,板楼,26人关注,一年前发布,VR房源,房本满五年,,,随时看房,https://bj.lianjia.com/ershoufang/101124125553.html
昌平,顶秀青溪,昌平 立水桥 五至六环,2室1厅1厨1卫,121.83㎡,98.77㎡,东 南 北,精装,自供暖,"暂无数据
                                                        




实际层高需现场测量，具体数据以实际测量为准",中楼层 (共15层),平层,板塔结合,钢混结构,一梯三户,有,2025-03-25,2008-05-09,满五年,无抵押,商品房,普通住宅,共有,已上传房本照片,顶秀青溪，花园洋房，人车分流，改善小区,582万,"47,772元/平",顶秀青溪 -立水桥,2室1厅,121.83平米,"('中楼层(共15层)',)",2007年,板塔结合,13人关注,1个月以前发布,VR看装修,房本满五年,近地铁,,随时看房,https://bj.lianjia.com/ershoufang/101129671816.html
朝阳,炫特嘉园二期,朝阳 石佛营 四至五环,1室1厅1厨1卫,54.41㎡,40.49㎡,西南,精装,集中供暖,"暂无数据
                                                        




实际层高需现场测量，具体数据以实际测量为准",中楼层 (共24层),平层,塔楼,钢混结构,四梯十二户,有,2025-04-04,2006-09-01,满五年,无抵押,商品房,普通住宅,非共有,已上传房本照片,满五唯一，新上西南向一居室，中间楼层，看房随时,266万,"48,889元/平",炫特嘉园二期 -石佛营,1室1厅,54.41平米,"('中楼层(共24层)',)",2004年,塔楼,14人关注,23天以前发布,VR看装修,房本满五年,近地铁,,随时看房,https://bj.lianjia.com/ershoufang/101129871017.html
房山,首创新悦都一区,房山 长阳 五至六环,3室1厅1厨1卫,86.36㎡,,东 南 北,精装,集中供暖,"暂无数据
                                                        




实际层高需现场测量，具体数据以实际测量为准",高楼层 (共16层),平层,板楼,钢混结构,一梯两户,有,2025-04-09,2017-03-29,满五年,有抵押 54万元 建行,商品房,普通住宅,非共有,已上传房本照片,首创新悦都一区 精装 东边户三居室 位置不错,299万,"34,623元/平",首创新悦都一区 -长阳,3室1厅,86.36平米,"('高楼层(共16层)',)",,板楼,2人关注,18天以前发布,VR看装修,房本满五年,,,随时看房,https://bj.lianjia.com/ershoufang/101129967773.html
大兴,朗润园二期,大兴 旧宫 四至五环,2室1厅1厨1卫,85.97㎡,68.62㎡,南,精装,集中供暖,"暂无数据
                                                        




实际层高需现场测量，具体数据以实际测量为准",高楼层 (共21层),平层,板楼,钢混结构,两梯四户,有,2025-03-29,2016-12-20,满五年,无抵押,商品房,普通住宅,非共有,已上传房本照片,朗润园二期17层，精装修，好位置，无抵押，无户口。,530万,"61,650元/平",朗润园二期 -旧宫,2室1厅,85.97平米,"('高楼层(共21层)',)",2015年,板楼,7人关注,29天以前发布,VR看装修,房本满五年,近地铁,,,https://bj.lianjia.com/ershoufang/101129528966.html
昌平,新悦家园,昌平 鼓楼大街 六环外,3室1厅1厨1卫,90.39㎡,79.25㎡,南 北,简装,集中供暖,"暂无数据
                                                        




实际层高需现场测量，具体数据以实际测量为准",高楼层 (共6层),平层,板楼,混合结构,,无,2023-03-13,2011-04-19,满五年,无抵押,商品房,普通住宅,非共有,已上传房本照片,新悦家园南区 板楼次顶层 南北通透明厅三居满五唯一,286万,"31,641元/平",新悦家园 -鼓楼大街,3室1厅,90.39平米,"('高楼层(共6层)',)",,板楼,12人关注,一年前发布,VR看装修,房本满五年,,,随时看房,https://bj.lianjia.com/ershoufang/101118304729.html
昌平,北街家园七区,昌平 沙河 五至六环,4室1厅1厨1卫,82.17㎡,,东,简装,集中供暖,"暂无数据
                                                        




实际层高需现场测量，具体数据以实际测量为准",中楼层 (共17层),跃层,板楼,钢混结构,两梯七户,有,2025-04-02,2017-05-13,满五年,无抵押,商品房,普通住宅,非共有,已上传房本照片,北街家园七区 4室1厅 东,245万,"29,817元/平",北街家园七区 -沙河,4室1厅,82.17平米,"('中楼层(共17层)',)",2012年,板楼,10人关注,25天以前发布,VR房源,房本满五年,,,,https://bj.lianjia.com/ershoufang/101129700529.html
顺义,中铁花溪渡,顺义 马坡 六环外,2室1厅1厨1卫,85.98㎡,66.43㎡,南 北,精装,集中供暖,"暂无数据
                                                        




实际层高需现场测量，具体数据以实际测量为准",中楼层 (共18层),平层,板楼,钢混结构,一梯两户,有,2024-12-07,2022-12-02,满两年,有抵押 170万元,商品房,普通住宅,共有,已上传房本照片,中铁花溪渡 精装2居室 南北通透 楼层好 采光好,250万,"29,077元/平",中铁花溪渡 -马坡,2室1厅,85.98平米,"('中楼层(共18层)',)",2012年,板楼,19人关注,4个月以前发布,VR看装修,,,房本满两年,,https://bj.lianjia.com/ershoufang/101127851447.html
昌平,天通苑东三区,昌平 天通苑 五至六环,2室1厅1厨1卫,106.05㎡,,南 北,简装,集中供暖,"暂无数据
                                                        




实际层高需现场测量，具体数据以实际测量为准",中楼层 (共7层),平层,板楼,混合结构,,无,2025-04-05,2020-12-24,满两年,无抵押,商品房,普通住宅,非共有,已上传房本照片,天通苑东三区 板楼三层两居 南北双通透 商品房,355万,"33,475元/平",天通苑东三区 -天通苑,2室1厅,106.05平米,"('中楼层(共7层)',)",2002年,板楼,13人关注,22天以前发布,VR房源,,近地铁,房本满两年,,https://bj.lianjia.com/ershoufang/101129829112.html
昌平,天通苑东三区,昌平 天通苑 五至六环,5室2厅1厨4卫,251.4㎡,,南 北,简装,集中供暖,"暂无数据
                                                        




实际层高需现场测量，具体数据以实际测量为准",高楼层 (共7层),复式,板楼,混合结构,,无,2024-01-08,2010-06-13,满五年,无抵押,商品房,普通住宅,非共有,已上传房本照片,天通苑东三区法式园 邻近地铁17号线 商满五年唯一,549万,"21,838元/平",天通苑东三区 -天通苑,5室2厅,251.4平米,"('高楼层(共7层)',)",2002年,板楼,50人关注,一年前发布,VR房源,房本满五年,近地铁,,随时看房,https://bj.lianjia.com/ershoufang/101122582912.html
朝阳,甜水园北里,朝阳 甜水园 三至四环,3室1厅1厨1卫,88.59㎡,,西南,精装,集中供暖,"暂无数据
                                                        




实际层高需现场测量，具体数据以实际测量为准",中楼层 (共12层),平层,板楼,钢混结构,两梯十户,有,2025-04-11,2020-09-01,满两年,无抵押,商品房,普通住宅,非共有,已上传房本照片,甜水园北里 3室1厅 西南,480万,"54,183元/平",甜水园北里 -甜水园,3室1厅,88.59平米,"('中楼层(共12层)',)",1995年,板楼,13人关注,16天以前发布,VR看装修,,近地铁,房本满两年,,https://bj.lianjia.com/ershoufang/101129547455.html
朝阳,团结湖北三条,朝阳 团结湖 三至四环,2室1厅1厨1卫,64.29㎡,,南 北,简装,集中供暖,"暂无数据
                                                        




实际层高需现场测量，具体数据以实际测量为准",中楼层 (共5层),平层,板楼,钢混结构,,无,2024-05-23,2019-08-22,满五年,有抵押 320万元,商品房,普通住宅,非共有,已上传房本照片,南北通透，双阳台格局好，2室1厅小区中间，不临街,399万,"62,063元/平",团结湖北三条 -团结湖,2室1厅,64.29平米,"('中楼层(共5层)',)",,板楼,35人关注,10个月以前发布,VR房源,房本满五年,,,随时看房,https://bj.lianjia.com/ershoufang/101124559384.html
大兴,首座御园二期北区三期,大兴 枣园 五至六环,2室2厅1厨1卫,94.27㎡,,东南,简装,集中供暖,"暂无数据
                                                        




实际层高需现场测量，具体数据以实际测量为准",高楼层 (共12层),平层,板塔结合,钢混结构,两梯四户,有,2024-04-20,2018-10-18,满五年,无抵押,二类经济适用房,普通住宅,非共有,已上传房本照片,首座御园二期北区三期 两梯四户 高楼层 采光好,285万,"30,233元/平",首座御园二期北区三期 -枣园,2室2厅,94.27平米,"('高楼层(共12层)',)",2015年,板塔结合,2人关注,一年前发布,VR看装修,房本满五年,,,随时看房,https://bj.lianjia.com/ershoufang/101124002612.html
丰台,万年花城一期,丰台 玉泉营 三至四环,2室1厅1厨1卫,92.47㎡,74.41㎡,南,精装,集中供暖,"暂无数据
                                                        




实际层高需现场测量，具体数据以实际测量为准",低楼层 (共16层),平层,板楼,钢混结构,两梯四户,有,2025-03-13,2024-10-01,未满两年,有抵押 400万元 客户偿还,商品房,普通住宅,非共有,已上传房本照片,万年花城一期   板楼两居室，南向采光好  无遮挡,618万,"66,833元/平",万年花城一期 -玉泉营,2室1厅,92.47平米,"('低楼层(共16层)',)",2005年,板楼,8人关注,1个月以前发布,VR看装修,,近地铁,,随时看房,https://bj.lianjia.com/ershoufang/101129429757.html
丰台,翠林三里,丰台 北京南站 二至三环,2室1厅1厨1卫,62.79㎡,,南 北,简装,集中供暖,"暂无数据
                                                        




实际层高需现场测量，具体数据以实际测量为准",高楼层 (共6层),平层,板楼,混合结构,,无,2025-03-28,2024-11-12,未满两年,无抵押,已购公房,普通住宅,非共有,已上传房本照片,翠林三里 2室1厅 南 北,235万,"37,427元/平",翠林三里 -北京南站,2室1厅,62.79平米,"('高楼层(共6层)',)",,板楼,24人关注,30天以前发布,VR看装修,,近地铁,,,https://bj.lianjia.com/ershoufang/101129727371.html
房山,绿地花都苑,房山 长阳 五至六环,2室1厅1厨1卫,85㎡,,南,精装,集中供暖,"暂无数据
                                                        




实际层高需现场测量，具体数据以实际测量为准",顶层 (共14层),平层,板塔结合,钢混结构,一梯三户,有,2025-03-14,2021-07-15,满两年,有抵押 50万元 工行 客户偿还,商品房,普通住宅,共有,已上传房本照片,绿地花都苑，顶层南向两居室诚心出售安静,207万,"24,353元/平",绿地花都苑 -长阳,2室1厅,85平米,"('顶层(共14层)',)",2012年,板塔结合,4人关注,1个月以前发布,VR看装修,,,房本满两年,随时看房,https://bj.lianjia.com/ershoufang/101129452483.html
昌平,京科苑,昌平 东关 六环外,3室1厅1厨1卫,86.57㎡,,南 北,简装,集中供暖,"暂无数据
                                                        




实际层高需现场测量，具体数据以实际测量为准",低楼层 (共6层),平层,板楼,混合结构,,无,2024-12-27,2000-06-09,满五年,无抵押,已购公房,普通住宅,非共有,已上传房本照片,京科苑 3室1厅 南 北,260万,"30,034元/平",京科苑 -东关,3室1厅,86.57平米,"('低楼层(共6层)',)",,板楼,39人关注,3个月以前发布,VR房源,房本满五年,,,随时看房,https://bj.lianjia.com/ershoufang/101128228924.html
昌平,慧华苑,昌平 回龙观 五至六环,2室1厅1厨1卫,75.77㎡,,南 北,简装,集中供暖,"暂无数据
                                                        




实际层高需现场测量，具体数据以实际测量为准",中楼层 (共7层),平层,板楼,混合结构,,无,2025-03-07,2022-07-04,满两年,无抵押,商品房,普通住宅,非共有,已上传房本照片,慧华苑小区，诚意出售，优质房源，中间楼层,308万,"40,650元/平",慧华苑 -回龙观,2室1厅,75.77平米,"('7层',)",1995年,板楼,15人关注,1个月以前发布,VR看装修,,,房本满两年,,https://bj.lianjia.com/ershoufang/101129280238.html
朝阳,加利大厦,朝阳 亚运村 四至五环,3室2厅1厨2卫,144.06㎡,,东南,精装,集中供暖,"暂无数据
                                                        




实际层高需现场测量，具体数据以实际测量为准",中楼层 (共18层),平层,塔楼,钢混结构,两梯六户,有,2025-03-06,2000-04-19,满五年,无抵押,商品房,普通住宅,非共有,已上传房本照片,加利大厦 3室2厅 东南,898万,"62,336元/平",加利大厦 -亚运村,3室2厅,144.06平米,"('中楼层(共18层)',)",,塔楼,7人关注,1个月以前发布,VR房源,房本满五年,,,随时看房,https://bj.lianjia.com/ershoufang/101129245714.html
朝阳,荟康苑,朝阳 常营 五至六环,1室1厅1厨1卫,50.32㎡,,南 北,精装,集中供暖,"暂无数据
                                                        




实际层高需现场测量，具体数据以实际测量为准",中楼层 (共7层),平层,板楼,砖混结构,,无,2024-12-03,2019-05-08,满五年,无抵押,商品房,普通住宅,非共有,已上传房本照片,新中式住宅小区！荟康苑南北通透大一居！中间层精装修,212万,"42,131元/平",荟康苑 -常营,1室1厅,50.32平米,"('中楼层(共7层)',)",,板楼,33人关注,4个月以前发布,VR看装修,房本满五年,,,随时看房,https://bj.lianjia.com/ershoufang/101127862967.html
通州,富力惠兰美居,通州 潞苑 五至六环,1室1厅1厨1卫,47㎡,,南,简装,集中供暖,"暂无数据
                                                        




实际层高需现场测量，具体数据以实际测量为准",高楼层 (共28层),平层,板塔结合,钢混结构,两梯八户,有,2025-03-09,2020-03-01,满五年,无抵押,限价商品房,普通住宅,非共有,已上传房本照片,富力惠兰美居高层南向一居室，视野好,139万,"29,575元/平",富力惠兰美居 -潞苑,1室1厅,47平米,"('高楼层(共28层)',)",2015年,板塔结合,4人关注,1个月以前发布,VR看装修,房本满五年,,,,https://bj.lianjia.com/ershoufang/101128941558.html
朝阳,左家庄南里,朝阳 国展 二至三环,3室1厅1厨1卫,67㎡,,南 北,简装,集中供暖,"暂无数据
                                                        




实际层高需现场测量，具体数据以实际测量为准",中楼层 (共5层),平层,板楼,混合结构,,无,2025-03-06,2003-03-11,满五年,无抵押,已购公房,普通住宅,非共有,已上传房本照片,板楼三层 满五年南北通透 安静不临街 田字格三居室,449万,"67,015元/平",左家庄南里 -国展,3室1厅,67平米,"('中楼层(共5层)',)",,板楼,15人关注,1个月以前发布,VR看装修,房本满五年,近地铁,,随时看房,https://bj.lianjia.com/ershoufang/101129283286.html
大兴,首开康乃馨城,大兴 枣园 五至六环,1室1厅1厨1卫,62.24㎡,51.74㎡,南,简装,集中供暖,"暂无数据
                                                        




实际层高需现场测量，具体数据以实际测量为准",底层 (共16层),平层,板塔结合,钢混结构,两梯六户,有,2025-04-18,2019-12-26,满五年,有抵押 17万元,限价商品房,普通住宅,非共有,已上传房本照片,首开康乃馨城 1室1厅 南,169万,"27,153元/平",首开康乃馨城 -枣园,1室1厅,62.24平米,"('底层(共16层)',)",2012年,板塔结合,1人关注,9天以前发布,VR看装修,房本满五年,,,随时看房,https://bj.lianjia.com/ershoufang/101130147524.html
东城,永康胡同1号院,东城 安定门 二环内,1室1厅1厨1卫,52.38㎡,,东北,毛坯,集中供暖,"暂无数据
                                                        




实际层高需现场测量，具体数据以实际测量为准",中楼层 (共7层),平层,板楼,混合结构,,无,2025-03-20,2024-12-25,未满两年,无抵押,已购公房,普通住宅,非共有,已上传房本照片,东城 安交 方家 永康胡同1号院 4层一居室,630万,"120,275元/平",永康胡同1号院 -安定门,1室1厅,52.38平米,"('中楼层(共7层)',)",,板楼,4人关注,1个月以前发布,VR看装修,,近地铁,,随时看房,https://bj.lianjia.com/ershoufang/101129553508.html
西城,荣丰2008,西城 广安门 二至三环,1室1厅1厨2卫,30.31㎡,22.01㎡,北,精装,集中供暖,"暂无数据
                                                        




实际层高需现场测量，具体数据以实际测量为准",低楼层 (共16层),复式,塔楼,钢混结构,三梯二十五户,有,2025-04-02,2012-11-21,满五年,有抵押 291万元 有抵押 金融公司垫资,商品房,普通住宅,非共有,已上传房本照片,三期复式 挑高5.2米 稳定出售 欢迎看房,390万,"128,671元/平",荣丰2008 -广安门,1室1厅,30.31平米,"('低楼层(共16层)',)",2007年,塔楼,8人关注,25天以前发布,VR房源,房本满五年,近地铁,,,https://bj.lianjia.com/ershoufang/101129811987.html
丰台,青塔东里10号院,丰台 青塔 四至五环,2室1厅1厨1卫,56㎡,,南 北,简装,集中供暖,"暂无数据
                                                        




实际层高需现场测量，具体数据以实际测量为准",顶层 (共6层),平层,板楼,混合结构,,无,2025-02-22,2024-10-16,未满两年,无抵押,已购公房,普通住宅,共有,已上传房本照片,青塔东里10号院 南北通透小两居 满五年,205万,"36,608元/平",青塔东里10号院 -青塔,2室1厅,56平米,"('顶层(共6层)',)",,板楼,9人关注,2个月以前发布,VR看装修,,,,随时看房,https://bj.lianjia.com/ershoufang/101128981923.html
